UniProt Entry,Organism,Protein names,Gene Names,Gene Names (synonym),chembl_id,KINOMEscanÂ® Gene Symbol,Family
Q2M2I8,Homo sapiens (Human),AP2-associated protein kinase 1 (EC 2.7.11.1) (Adaptor-associated kinase 1),AAK1,KIAA1048,CHEMBL3830,AAK1,NAK
P42684,Homo sapiens (Human),Tyrosine-protein kinase ABL2 (EC 2.7.10.2) (Abelson murine leukemia viral oncogene homolog 2) (Abelson tyrosine-protein kinase 2) (Abelson-related gene protein) (Tyrosine-protein kinase ARG),ABL2,ABLL ARG,CHEMBL4014,ABL2,Abl
Q04771,Homo sapiens (Human),Activin receptor type-1 (EC 2.7.11.30) (Activin receptor type I) (ACTR-I) (Activin receptor-like kinase 2) (ALK-2) (Serine/threonine-protein kinase receptor R1) (SKR1) (TGF-B superfamily receptor type I) (TSR-I),ACVR1,ACVRLK2,CHEMBL5903,ACVR1,STKR
P36896,Homo sapiens (Human),Activin receptor type-1B (EC 2.7.11.30) (Activin receptor type IB) (ACTR-IB) (Activin receptor-like kinase 4) (ALK-4) (Serine/threonine-protein kinase receptor R2) (SKR2),ACVR1B,ACVRLK4 ALK4,CHEMBL5310,ACVR1B,STKR
P27037,Homo sapiens (Human),Activin receptor type-2A (EC 2.7.11.30) (Activin receptor type IIA) (ACTR-IIA) (ACTRIIA),ACVR2A,ACVR2,CHEMBL5616,ACVR2A,STKR
Q13705,Homo sapiens (Human),Activin receptor type-2B (EC 2.7.11.30) (Activin receptor type IIB) (ACTR-IIB),ACVR2B,,CHEMBL5466,ACVR2B,STKR
P37023,Homo sapiens (Human),Activin receptor type-1-like (EC 2.7.11.30) (Activin receptor-like kinase 1) (ALK-1) (Serine/threonine-protein kinase receptor R3) (SKR3) (TGF-B superfamily receptor type I) (TSR-I),ACVRL1,ACVRLK1 ALK1,CHEMBL5311,ACVRL1,STKR
P31749,Homo sapiens (Human),RAC-alpha serine/threonine-protein kinase (EC 2.7.11.1) (Protein kinase B) (PKB) (Protein kinase B alpha) (PKB alpha) (Proto-oncogene c-Akt) (RAC-PK-alpha),AKT1,PKB RAC,CHEMBL4282,AKT1,Akt
P31751,Homo sapiens (Human),RAC-beta serine/threonine-protein kinase (EC 2.7.11.1) (Protein kinase Akt-2) (Protein kinase B beta) (PKB beta) (RAC protein kinase beta) (RAC-PK-beta),AKT2,,CHEMBL2431,AKT2,Akt
Q9Y243,Homo sapiens (Human),RAC-gamma serine/threonine-protein kinase (EC 2.7.11.1) (Protein kinase Akt-3) (Protein kinase B gamma) (PKB gamma) (RAC-PK-gamma) (STK-2),AKT3,PKBG,CHEMBL4816,AKT3,Akt
Q9UM73,Homo sapiens (Human),ALK tyrosine kinase receptor (EC 2.7.10.1) (Anaplastic lymphoma kinase) (CD antigen CD246),ALK,,CHEMBL4247,ALK,ALK
Q13131,Homo sapiens (Human),5'-AMP-activated protein kinase catalytic subunit alpha-1 (AMPK subunit alpha-1) (EC 2.7.11.1) (Acetyl-CoA carboxylase kinase) (ACACA kinase) (Hydroxymethylglutaryl-CoA reductase kinase) (HMGCR kinase) (EC 2.7.11.31) (Tau-protein kinase PRKAA1) (EC 2.7.11.26),PRKAA1,AMPK1,CHEMBL4045,AMPK-alpha1,CAMKL
P54646,Homo sapiens (Human),5'-AMP-activated protein kinase catalytic subunit alpha-2 (AMPK subunit alpha-2) (EC 2.7.11.1) (Acetyl-CoA carboxylase kinase) (ACACA kinase) (Hydroxymethylglutaryl-CoA reductase kinase) (HMGCR kinase) (EC 2.7.11.31),PRKAA2,AMPK AMPK2,CHEMBL2116,AMPK-alpha2,CAMKL
Q8NFD2,Homo sapiens (Human),Ankyrin repeat and protein kinase domain-containing protein 1 (EC 2.7.11.1) (Protein kinase PKK2) (Sugen kinase 288) (SgK288) (X-kinase),ANKK1,PKK2 SGK288,CHEMBL5547,ANKK1,RIPK
O60285,Homo sapiens (Human),NUAK family SNF1-like kinase 1 (EC 2.7.11.1) (AMPK-related protein kinase 5) (ARK5) (Omphalocele kinase 1),NUAK1,ARK5 KIAA0537 OMPHK1,CHEMBL5784,ARK5,CAMKL
Q99683,Homo sapiens (Human),Mitogen-activated protein kinase kinase kinase 5 (EC 2.7.11.25) (Apoptosis signal-regulating kinase 1) (ASK-1) (MAPK/ERK kinase kinase 5) (MEK kinase 5) (MEKK 5),MAP3K5,ASK1 MAPKKK5 MEKK5,CHEMBL5285,ASK1,STE11
O95382,Homo sapiens (Human),Mitogen-activated protein kinase kinase kinase 6 (EC 2.7.11.25) (Apoptosis signal-regulating kinase 2),MAP3K6,ASK2 MAPKKK6 MEKK6,CHEMBL1163123,ASK2,STE11
O14965,Homo sapiens (Human),Aurora kinase A (EC 2.7.11.1) (Aurora 2) (Aurora/IPL1-related kinase 1) (ARK-1) (Aurora-related kinase 1) (Breast tumor-amplified kinase) (Ipl1- and aurora-related kinase 1) (Serine/threonine-protein kinase 15) (Serine/threonine-protein kinase 6) (Serine/threonine-protein kinase Ayk1) (Serine/threonine-protein kinase aurora-A),AURKA,AIK AIRK1 ARK1 AURA AYK1 BTAK IAK1 STK15 STK6,CHEMBL4722,AURKA,Aur
Q96GD4,Homo sapiens (Human),Aurora kinase B (EC 2.7.11.1) (Aurora 1) (Aurora- and IPL1-like midbody-associated protein 1) (AIM-1) (Aurora/IPL1-related kinase 2) (ARK-2) (Aurora-related kinase 2) (STK-1) (Serine/threonine-protein kinase 12) (Serine/threonine-protein kinase 5) (Serine/threonine-protein kinase aurora-B),AURKB,AIK2 AIM1 AIRK2 ARK2 STK1 STK12 STK5,CHEMBL2185,AURKB,Aur
Q9UQB9,Homo sapiens (Human),Aurora kinase C (EC 2.7.11.1) (Aurora 3) (Aurora/IPL1-related kinase 3) (ARK-3) (Aurora-related kinase 3) (Aurora/IPL1/Eg2 protein 2) (Serine/threonine-protein kinase 13) (Serine/threonine-protein kinase aurora-C),AURKC,AIE2 AIK3 AIRK3 ARK3 STK13,CHEMBL3935,AURKC,Aur
P30530,Homo sapiens (Human),Tyrosine-protein kinase receptor UFO (EC 2.7.10.1) (AXL oncogene),AXL,UFO,CHEMBL4895,AXL,Axl
Q9NSY1,Homo sapiens (Human),BMP-2-inducible protein kinase (BIKe) (EC 2.7.11.1),BMP2K,BIKE,CHEMBL4522,BIKE,NAK
P51451,Homo sapiens (Human),Tyrosine-protein kinase Blk (EC 2.7.10.2) (B lymphocyte kinase) (p55-Blk),BLK,,CHEMBL2250,BLK,Src
P36894,Homo sapiens (Human),Bone morphogenetic protein receptor type-1A (BMP type-1A receptor) (BMPR-1A) (EC 2.7.11.30) (Activin receptor-like kinase 3) (ALK-3) (Serine/threonine-protein kinase receptor R5) (SKR5) (CD antigen CD292),BMPR1A,ACVRLK3 ALK3,CHEMBL5275,BMPR1A,STKR
O00238,Homo sapiens (Human),Bone morphogenetic protein receptor type-1B (BMP type-1B receptor) (BMPR-1B) (EC 2.7.11.30) (CD antigen CDw293),BMPR1B,,CHEMBL5476,BMPR1B,STKR
Q13873,Homo sapiens (Human),Bone morphogenetic protein receptor type-2 (BMP type-2 receptor) (BMPR-2) (EC 2.7.11.30) (Bone morphogenetic protein receptor type II) (BMP type II receptor) (BMPR-II),BMPR2,PPH1,CHEMBL5467,BMPR2,STKR
P51813,Homo sapiens (Human),Cytoplasmic tyrosine-protein kinase BMX (EC 2.7.10.2) (Bone marrow tyrosine kinase gene in chromosome X protein) (Epithelial and endothelial tyrosine kinase) (ETK) (NTK38),BMX,,CHEMBL3834,BMX,Tec
P15056,Homo sapiens (Human),Serine/threonine-protein kinase B-raf (EC 2.7.11.1) (Proto-oncogene B-Raf) (p94) (v-Raf murine sarcoma viral oncogene homolog B1),BRAF,BRAF1 RAFB1,CHEMBL5145,BRAF,RAF
Q13882,Homo sapiens (Human),Protein-tyrosine kinase 6 (EC 2.7.10.2) (Breast tumor kinase) (Tyrosine-protein kinase BRK),PTK6,BRK,CHEMBL4601,BRK,Src
Q8TDC3,Homo sapiens (Human),Serine/threonine-protein kinase BRSK1 (EC 2.7.11.1) (Brain-selective kinase 1) (EC 2.7.11.26) (Brain-specific serine/threonine-protein kinase 1) (BR serine/threonine-protein kinase 1) (Serine/threonine-protein kinase SAD-B) (Synapses of Amphids Defective homolog 1) (SAD1 homolog) (hSAD1),BRSK1,KIAA1811 SAD1 SADB,CHEMBL5650,BRSK1,CAMKL
Q8IWQ3,Homo sapiens (Human),Serine/threonine-protein kinase BRSK2 (EC 2.7.11.1) (Brain-selective kinase 2) (EC 2.7.11.26) (Brain-specific serine/threonine-protein kinase 2) (BR serine/threonine-protein kinase 2) (Serine/threonine-protein kinase 29) (Serine/threonine-protein kinase SAD-A),BRSK2,C11orf7 PEN11B SADA STK29 HUSSY-12,CHEMBL4574,BRSK2,CAMKL
Q06187,Homo sapiens (Human),Tyrosine-protein kinase BTK (EC 2.7.10.2) (Agammaglobulinemia tyrosine kinase) (ATK) (B-cell progenitor kinase) (BPK) (Bruton tyrosine kinase),BTK,AGMX1 ATK BPK,CHEMBL5251,BTK,Tec
O43683,Homo sapiens (Human),Mitotic checkpoint serine/threonine-protein kinase BUB1 (hBUB1) (EC 2.7.11.1) (BUB1A),BUB1,BUB1L,CHEMBL1772932,BUB1,BUB
Q14012,Homo sapiens (Human),Calcium/calmodulin-dependent protein kinase type 1 (EC 2.7.11.17) (CaM kinase I) (CaM-KI) (CaM kinase I alpha) (CaMKI-alpha),CAMK1,,CHEMBL2493,CAMK1,CAMK1
Q6P2M8,Homo sapiens (Human),Calcium/calmodulin-dependent protein kinase type 1B (EC 2.7.11.17) (CaM kinase I beta) (CaM kinase IB) (CaM-KI beta) (CaMKI-beta) (Pregnancy up-regulated non-ubiquitously-expressed CaM kinase),PNCK,,CHEMBL3627592,CAMK1B,CAMK1
Q8IU85,Homo sapiens (Human),Calcium/calmodulin-dependent protein kinase type 1D (EC 2.7.11.17) (CaM kinase I delta) (CaM kinase ID) (CaM-KI delta) (CaMKI delta) (CaMKID) (CaMKI-like protein kinase) (CKLiK),CAMK1D,CAMKID,CHEMBL5073,CAMK1D,CAMK1
Q96NX5,Homo sapiens (Human),Calcium/calmodulin-dependent protein kinase type 1G (EC 2.7.11.17) (CaM kinase I gamma) (CaM kinase IG) (CaM-KI gamma) (CaMKI gamma) (CaMKIG) (CaMK-like CREB kinase III) (CLICK III),CAMK1G,CLICK3 VWS1,CHEMBL5258,CAMK1G,CAMK1
Q9UQM7,Homo sapiens (Human),Calcium/calmodulin-dependent protein kinase type II subunit alpha (CaM kinase II subunit alpha) (CaMK-II subunit alpha) (EC 2.7.11.17),CAMK2A,CAMKA KIAA0968,CHEMBL4147,CAMK2A,CAMK2
Q13554,Homo sapiens (Human),Calcium/calmodulin-dependent protein kinase type II subunit beta (CaM kinase II subunit beta) (CaMK-II subunit beta) (EC 2.7.11.17),CAMK2B,CAM2 CAMK2 CAMKB,CHEMBL4121,CAMK2B,CAMK2
Q13557,Homo sapiens (Human),Calcium/calmodulin-dependent protein kinase type II subunit delta (CaM kinase II subunit delta) (CaMK-II subunit delta) (EC 2.7.11.17),CAMK2D,CAMKD,CHEMBL2801,CAMK2D,CAMK2
Q13555,Homo sapiens (Human),Calcium/calmodulin-dependent protein kinase type II subunit gamma (CaM kinase II subunit gamma) (CaMK-II subunit gamma) (EC 2.7.11.17),CAMK2G,CAMK CAMK-II CAMKG,CHEMBL3829,CAMK2G,CAMK2
Q16566,Homo sapiens (Human),Calcium/calmodulin-dependent protein kinase type IV (CaMK IV) (EC 2.7.11.17) (CaM kinase-GR),CAMK4,CAMK CAMK-GR CAMKIV,CHEMBL2494,CAMK4,CAMK1
Q8N5S9,Homo sapiens (Human),Calcium/calmodulin-dependent protein kinase kinase 1 (CaM-KK 1) (CaM-kinase kinase 1) (CaMKK 1) (EC 2.7.11.17) (CaM-kinase IV kinase) (Calcium/calmodulin-dependent protein kinase kinase alpha) (CaM-KK alpha) (CaM-kinase kinase alpha) (CaMKK alpha),CAMKK1 ,CAMKKA,CHEMBL5256,CAMKK1,CAMKK
Q96RR4,Homo sapiens (Human),Calcium/calmodulin-dependent protein kinase kinase 2 (CaM-KK 2) (CaM-kinase kinase 2) (CaMKK 2) (EC 2.7.11.17) (Calcium/calmodulin-dependent protein kinase kinase beta) (CaM-KK beta) (CaM-kinase kinase beta) (CaMKK beta),CAMKK2,CAMKKB KIAA0787,CHEMBL5284,CAMKK2,CAMKK
O14936,Homo sapiens (Human),Peripheral plasma membrane protein CASK (hCASK) (EC 2.7.11.1) (Calcium/calmodulin-dependent serine protein kinase) (Protein lin-2 homolog),CASK,LIN2,CHEMBL1908381,CASK,CASK
Q9UQ88,Homo sapiens (Human),Cyclin-dependent kinase 11A (EC 2.7.11.22) (Cell division cycle 2-like protein kinase 2) (Cell division protein kinase 11A) (Galactosyltransferase-associated protein kinase p58/GTA) (PITSLRE serine/threonine-protein kinase CDC2L2),CDK11A,CDC2L2 CDC2L3 PITSLREB,CHEMBL5416,CDC2L2,CDK
Q14004,Homo sapiens (Human),Cyclin-dependent kinase 13 (EC 2.7.11.22) (EC 2.7.11.23) (CDC2-related protein kinase 5) (Cell division cycle 2-like protein kinase 5) (Cell division protein kinase 13) (hCDK13) (Cholinesterase-related cell division controller),CDK13,CDC2L CDC2L5 CHED KIAA1791,CHEMBL1795192,CDC2L5,CDK
Q9BWU1,Homo sapiens (Human),Cyclin-dependent kinase 19 (EC 2.7.11.22) (CDC2-related protein kinase 6) (Cell division cycle 2-like protein kinase 6) (Cell division protein kinase 19) (Cyclin-dependent kinase 11) (Death-preventing kinase),CDK19,CDC2L6 CDK11 KIAA1028,CHEMBL6002,CDK11,CDK
P24941,Homo sapiens (Human),Cyclin-dependent kinase 2 (EC 2.7.11.22) (Cell division protein kinase 2) (p33 protein kinase),CDK2,CDKN2,CHEMBL301,CDK2,CDK
Q00526,Homo sapiens (Human),Cyclin-dependent kinase 3 (EC 2.7.11.22) (Cell division protein kinase 3),CDK3,CDKN3,CHEMBL4442,CDK3,CDK
P11802,Homo sapiens (Human),Cyclin-dependent kinase 4 (EC 2.7.11.22) (Cell division protein kinase 4) (PSK-J3),CDK4,,CHEMBL331,CDK4,CDK
Q00535,Homo sapiens (Human),Cyclin-dependent kinase 5 (EC 2.7.11.1) (Cell division protein kinase 5) (Cyclin-dependent-like kinase 5) (Serine/threonine-protein kinase PSSALRE) (Tau protein kinase II catalytic subunit) (TPKII catalytic subunit),CDK5,CDKN5 PSSALRE,CHEMBL4036,CDK5,CDK
P50613,Homo sapiens (Human),Cyclin-dependent kinase 7 (EC 2.7.11.22) (EC 2.7.11.23) (39 kDa protein kinase) (p39 Mo15) (CDK-activating kinase 1) (Cell division protein kinase 7) (Serine/threonine-protein kinase 1) (TFIIH basal transcription factor complex kinase subunit),CDK7,CAK CAK1 CDKN7 MO15 STK1,CHEMBL3055,CDK7,CDK
P49336,Homo sapiens (Human),Cyclin-dependent kinase 8 (EC 2.7.11.22) (EC 2.7.11.23) (Cell division protein kinase 8) (Mediator complex subunit CDK8) (Mediator of RNA polymerase II transcription subunit CDK8) (Protein kinase K35),CDK8,,CHEMBL5719,CDK8,CDK
P50750,Homo sapiens (Human),Cyclin-dependent kinase 9 (EC 2.7.11.22) (EC 2.7.11.23) (C-2K) (Cell division cycle 2-like protein kinase 4) (Cell division protein kinase 9) (Serine/threonine-protein kinase PITALRE) (Tat-associated kinase complex catalytic subunit),CDK9,CDC2L4 TAK,CHEMBL3116,CDK9,CDK
Q00532,Homo sapiens (Human),Cyclin-dependent kinase-like 1 (EC 2.7.11.22) (Protein kinase p42 KKIALRE) (Serine/threonine-protein kinase KKIALRE),CDKL1,,CHEMBL5789,CDKL1,CDKL
Q8IVW4,Homo sapiens (Human),Cyclin-dependent kinase-like 3 (EC 2.7.11.22) (Serine/threonine-protein kinase NKIAMRE),CDKL3,NKIAMRE,CHEMBL1163117,CDKL3,CDKL
O14757,Homo sapiens (Human),Serine/threonine-protein kinase Chk1 (EC 2.7.11.1) (CHK1 checkpoint homolog) (Cell cycle checkpoint kinase) (Checkpoint kinase-1),CHEK1,CHK1,CHEMBL4630,CHEK1,CAMKL
O96017,Homo sapiens (Human),Serine/threonine-protein kinase Chk2 (EC 2.7.11.1) (CHK2 checkpoint homolog) (Cds1 homolog) (Hucds1) (hCds1) (Checkpoint kinase 2),CHEK2,CDS1 CHK2 RAD53,CHEMBL2527,CHEK2,RAD53
O14578,Homo sapiens (Human),Citron Rho-interacting kinase (CRIK) (EC 2.7.11.1) (Serine/threonine-protein kinase 21),CIT,CRIK KIAA0949 STK21,CHEMBL5579,CIT,DMPK
P49759,Homo sapiens (Human),Dual specificity protein kinase CLK1 (EC 2.7.12.1) (CDC-like kinase 1),CLK1,CLK,CHEMBL4224,CLK1,CLK
P49760,Homo sapiens (Human),Dual specificity protein kinase CLK2 (EC 2.7.12.1) (CDC-like kinase 2),CLK2,,CHEMBL4225,CLK2,CLK
P49761,Homo sapiens (Human),Dual specificity protein kinase CLK3 (EC 2.7.12.1) (CDC-like kinase 3),CLK3,,CHEMBL4226,CLK3,CLK
Q9HAZ1,Homo sapiens (Human),Dual specificity protein kinase CLK4 (EC 2.7.12.1) (CDC-like kinase 4),CLK4,,CHEMBL4203,CLK4,CLK
P41240,Homo sapiens (Human),Tyrosine-protein kinase CSK (EC 2.7.10.2) (C-Src kinase) (Protein-tyrosine kinase CYL),CSK,,CHEMBL2634,CSK,Csk
P48729,Homo sapiens (Human),Casein kinase I isoform alpha (CKI-alpha) (EC 2.7.11.1) (CK1),CSNK1A1,,CHEMBL2793,CSNK1A1,CK1
Q8N752,Homo sapiens (Human),Casein kinase I isoform alpha-like (CKI-alpha-like) (EC 2.7.11.1) (CK1),CSNK1A1L,,CHEMBL5520,CSNK1A1L,CK1
P48730,Homo sapiens (Human),Casein kinase I isoform delta (CKI-delta) (CKId) (EC 2.7.11.1) (Tau-protein kinase CSNK1D) (EC 2.7.11.26),CSNK1D ,HCKID,CHEMBL2828,CSNK1D,CK1
P49674,Homo sapiens (Human),Casein kinase I isoform epsilon (CKI-epsilon) (CKIe) (EC 2.7.11.1),CSNK1E,,CHEMBL4937,CSNK1E,CK1
Q9HCP0,Homo sapiens (Human),Casein kinase I isoform gamma-1 (CKI-gamma 1) (EC 2.7.11.1),CSNK1G1,,CHEMBL2426,CSNK1G1,CK1
P78368,Homo sapiens (Human),Casein kinase I isoform gamma-2 (CKI-gamma 2) (EC 2.7.11.1),CSNK1G2,CK1G2,CHEMBL2543,CSNK1G2,CK1
Q9Y6M4,Homo sapiens (Human),Casein kinase I isoform gamma-3 (CKI-gamma 3) (EC 2.7.11.1),CSNK1G3,,CHEMBL5084,CSNK1G3,CK1
P68400,Homo sapiens (Human),Casein kinase II subunit alpha (CK II alpha) (EC 2.7.11.1),CSNK2A1,CK2A1,CHEMBL3629,CSNK2A1,CK2
P19784,Homo sapiens (Human),Casein kinase II subunit alpha' (CK II alpha') (EC 2.7.11.1),CSNK2A2 ,CK2A2,CHEMBL4070,CSNK2A2,CK2
P42679,Homo sapiens (Human),Megakaryocyte-associated tyrosine-protein kinase (EC 2.7.10.2) (CSK homologous kinase) (CHK) (Hematopoietic consensus tyrosine-lacking kinase) (Protein kinase HYL) (Tyrosine-protein kinase CTK),MATK,CTK HYL,CHEMBL4175,CTK,Csk
P53355,Homo sapiens (Human),Death-associated protein kinase 1 (DAP kinase 1) (EC 2.7.11.1),DAPK1,DAPK,CHEMBL2558,DAPK1,DAPK
Q9UIK4,Homo sapiens (Human),Death-associated protein kinase 2 (DAP kinase 2) (EC 2.7.11.1) (DAP-kinase-related protein 1) (DRP-1),DAPK2,,CHEMBL3123,DAPK2,DAPK
O43293,Homo sapiens (Human),Death-associated protein kinase 3 (DAP kinase 3) (EC 2.7.11.1) (DAP-like kinase) (Dlk) (MYPT1 kinase) (Zipper-interacting protein kinase) (ZIP-kinase),DAPK3,ZIPK,CHEMBL2468,DAPK3,DAPK
O15075,Homo sapiens (Human),Serine/threonine-protein kinase DCLK1 (EC 2.7.11.1) (Doublecortin domain-containing protein 3A) (Doublecortin-like and CAM kinase-like 1) (Doublecortin-like kinase 1),DCLK1,DCAMKL1 DCDC3A KIAA0369,CHEMBL5683,DCAMKL1,DCAMKL
Q9C098,Homo sapiens (Human),Serine/threonine-protein kinase DCLK3 (EC 2.7.11.1) (Doublecortin domain-containing protein 3C) (Doublecortin-like and CAM kinase-like 3) (Doublecortin-like kinase 3),DCLK3,DCAMKL3 DCDC3C KIAA1765,CHEMBL6123,DCAMKL3,DCAMKL
Q08345,Homo sapiens (Human),Epithelial discoidin domain-containing receptor 1 (Epithelial discoidin domain receptor 1) (EC 2.7.10.1) (CD167 antigen-like family member A) (Cell adhesion kinase) (Discoidin receptor tyrosine kinase) (HGK2) (Mammary carcinoma kinase 10) (MCK-10) (Protein-tyrosine kinase 3A) (Protein-tyrosine kinase RTK-6) (TRK E) (Tyrosine kinase DDR) (Tyrosine-protein kinase CAK) (CD antigen CD167a),DDR1,CAK EDDR1 NEP NTRK4 PTK3A RTK6 TRKE,CHEMBL5319,DDR1,DDR
Q16832,Homo sapiens (Human),Discoidin domain-containing receptor 2 (Discoidin domain receptor 2) (EC 2.7.10.1) (CD167 antigen-like family member B) (Discoidin domain-containing receptor tyrosine kinase 2) (Neurotrophic tyrosine kinase receptor-related 3) (Receptor protein-tyrosine kinase TKT) (Tyrosine-protein kinase TYRO10) (CD antigen CD167b),DDR2,NTRKR3 TKT TYRO10,CHEMBL5122,DDR2,DDR
Q12852,Homo sapiens (Human),Mitogen-activated protein kinase kinase kinase 12 (EC 2.7.11.25) (Dual leucine zipper bearing kinase) (DLK) (Leucine-zipper protein kinase) (ZPK) (MAPK-upstream kinase) (MUK) (Mixed lineage kinase),MAP3K12,ZPK,CHEMBL1908389,DLK,MLK
Q09013,Homo sapiens (Human),Myotonin-protein kinase (MT-PK) (EC 2.7.11.1) (DM-kinase) (DMK) (DM1 protein kinase) (DMPK) (Myotonic dystrophy protein kinase),DMPK,DM1PK MDPK,CHEMBL5320,DMPK,DMPK
Q9UEE5,Homo sapiens (Human),Serine/threonine-protein kinase 17A (EC 2.7.11.1) (DAP kinase-related apoptosis-inducing protein kinase 1),STK17A,DRAK1,CHEMBL4525,DRAK1,DAPK
O94768,Homo sapiens (Human),Serine/threonine-protein kinase 17B (EC 2.7.11.1) (DAP kinase-related apoptosis-inducing protein kinase 2),STK17B,DRAK2,CHEMBL3980,DRAK2,DAPK
Q13627,Homo sapiens (Human),Dual specificity tyrosine-phosphorylation-regulated kinase 1A (EC 2.7.11.23) (EC 2.7.12.1) (Dual specificity YAK1-related kinase) (HP86) (Protein kinase minibrain homolog) (MNBH) (hMNB),DYRK1A,DYRK MNB MNBH,CHEMBL2292,DYRK1A,DYRK
Q9Y463,Homo sapiens (Human),Dual specificity tyrosine-phosphorylation-regulated kinase 1B (EC 2.7.12.1) (Minibrain-related kinase) (Mirk protein kinase),DYRK1B,MIRK,CHEMBL5543,DYRK1B,DYRK
Q92630,Homo sapiens (Human),Dual specificity tyrosine-phosphorylation-regulated kinase 2 (EC 2.7.12.1),DYRK2,,CHEMBL4376,DYRK2,DYRK
P00533,Homo sapiens (Human),Epidermal growth factor receptor (EC 2.7.10.1) (Proto-oncogene c-ErbB-1) (Receptor tyrosine-protein kinase erbB-1),EGFR  ,ERBB ERBB1 HER1,CHEMBL203,EGFR,EGFR
Q9BQI3,Homo sapiens (Human),Eukaryotic translation initiation factor 2-alpha kinase 1 (EC 2.7.11.1) (Heme-controlled repressor) (HCR) (Heme-regulated eukaryotic initiation factor eIF-2-alpha kinase) (Heme-regulated inhibitor) (hHRI) (Hemin-sensitive initiation factor 2-alpha kinase),EIF2AK1,HRI KIAA1369 PRO1362,CHEMBL6029,EIF2AK1,PEK
P21709,Homo sapiens (Human),Ephrin type-A receptor 1 (hEpha1) (EC 2.7.10.1) (EPH tyrosine kinase) (EPH tyrosine kinase 1) (Erythropoietin-producing hepatoma receptor) (Tyrosine-protein kinase receptor EPH),EPHA1,EPH EPHT EPHT1,CHEMBL5810,EPHA1,Eph
P29317,Homo sapiens (Human),Ephrin type-A receptor 2 (EC 2.7.10.1) (Epithelial cell kinase) (Tyrosine-protein kinase receptor ECK),EPHA2,ECK,CHEMBL2068,EPHA2,Eph
P29320,Homo sapiens (Human),Ephrin type-A receptor 3 (EC 2.7.10.1) (EPH-like kinase 4) (EK4) (hEK4) (HEK) (Human embryo kinase) (Tyrosine-protein kinase TYRO4) (Tyrosine-protein kinase receptor ETK1) (Eph-like tyrosine kinase 1),EPHA3,ETK ETK1 HEK TYRO4,CHEMBL4954,EPHA3,Eph
P54764,Homo sapiens (Human),Ephrin type-A receptor 4 (EC 2.7.10.1) (EPH-like kinase 8) (EK8) (hEK8) (Tyrosine-protein kinase TYRO1) (Tyrosine-protein kinase receptor SEK),EPHA4,HEK8 SEK TYRO1,CHEMBL3988,EPHA4,Eph
P54756,Homo sapiens (Human),Ephrin type-A receptor 5 (EC 2.7.10.1) (Brain-specific kinase) (EPH homology kinase 1) (EHK-1) (EPH-like kinase 7) (EK7) (hEK7),EPHA5,BSK EHK1 HEK7 TYRO4,CHEMBL3987,EPHA5,Eph
Q9UF33,Homo sapiens (Human),Ephrin type-A receptor 6 (EC 2.7.10.1) (EPH homology kinase 2) (EHK-2) (EPH-like kinase 12) (EK12),EPHA6,EHK2 HEK12,CHEMBL4526,EPHA6,Eph
Q15375,Homo sapiens (Human),Ephrin type-A receptor 7 (EC 2.7.10.1) (EPH homology kinase 3) (EHK-3) (EPH-like kinase 11) (EK11) (hEK11),EPHA7,EHK3 HEK11,CHEMBL4602,EPHA7,Eph
P29322,Homo sapiens (Human),Ephrin type-A receptor 8 (EC 2.7.10.1) (EPH- and ELK-related kinase) (EPH-like kinase 3) (EK3) (hEK3) (Tyrosine-protein kinase receptor EEK),EPHA8,EEK HEK3 KIAA1459,CHEMBL4134,EPHA8,Eph
P54762,Homo sapiens (Human),Ephrin type-B receptor 1 (EC 2.7.10.1) (ELK) (EPH tyrosine kinase 2) (EPH-like kinase 6) (EK6) (hEK6) (Neuronally-expressed EPH-related tyrosine kinase) (NET) (Tyrosine-protein kinase receptor EPH-2),EPHB1,ELK EPHT2 HEK6 NET,CHEMBL5072,EPHB1,Eph
P29323,Homo sapiens (Human),Ephrin type-B receptor 2 (EC 2.7.10.1) (Developmentally-regulated Eph-related tyrosine kinase) (ELK-related tyrosine kinase) (EPH tyrosine kinase 3) (EPH-like kinase 5) (EK5) (hEK5) (Renal carcinoma antigen NY-REN-47) (Tyrosine-protein kinase TYRO5) (Tyrosine-protein kinase receptor EPH-3) [Cleaved into: EphB2/CTF1; EphB2/CTF2],EPHB2,DRT EPHT3 EPTH3 ERK HEK5 TYRO5,CHEMBL3290,EPHB2,Eph
P54753,Homo sapiens (Human),Ephrin type-B receptor 3 (EC 2.7.10.1) (EPH-like tyrosine kinase 2) (EPH-like kinase 2) (Embryonic kinase 2) (EK2) (hEK2) (Tyrosine-protein kinase TYRO6),EPHB3,ETK2 HEK2 TYRO6,CHEMBL4901,EPHB3,Eph
P54760,Homo sapiens (Human),Ephrin type-B receptor 4 (EC 2.7.10.1) (Hepatoma transmembrane kinase) (Tyrosine-protein kinase TYRO11),EPHB4,HTK MYK1 TYRO11,CHEMBL5147,EPHB4,Eph
P04626,Homo sapiens (Human),Receptor tyrosine-protein kinase erbB-2 (EC 2.7.10.1) (Metastatic lymph node gene 19 protein) (MLN 19) (Proto-oncogene Neu) (Proto-oncogene c-ErbB-2) (Tyrosine kinase-type cell surface receptor HER2) (p185erbB2) (CD antigen CD340),ERBB2,HER2 MLN19 NEU NGL,CHEMBL1824,ERBB2,EGFR
P21860,Homo sapiens (Human),Receptor tyrosine-protein kinase erbB-3 (EC 2.7.10.1) (Proto-oncogene-like protein c-ErbB-3) (Tyrosine kinase-type cell surface receptor HER3),ERBB3,HER3,CHEMBL5838,ERBB3,EGFR
Q15303,Homo sapiens (Human),Receptor tyrosine-protein kinase erbB-4 (EC 2.7.10.1) (Proto-oncogene-like protein c-ErbB-4) (Tyrosine kinase-type cell surface receptor HER4) (p180erbB4) [Cleaved into: ERBB4 intracellular domain (4ICD) (E4ICD) (s80HER4)],ERBB4,HER4,CHEMBL3009,ERBB4,EGFR
P27361,Homo sapiens (Human),Mitogen-activated protein kinase 3 (MAP kinase 3) (MAPK 3) (EC 2.7.11.24) (ERT2) (Extracellular signal-regulated kinase 1) (ERK-1) (Insulin-stimulated MAP2 kinase) (MAP kinase isoform p44) (p44-MAPK) (Microtubule-associated protein 2 kinase) (p44-ERK1),MAPK3,ERK1 PRKM3,CHEMBL3385,ERK1,MAPK
P28482,Homo sapiens (Human),Mitogen-activated protein kinase 1 (MAP kinase 1) (MAPK 1) (EC 2.7.11.24) (ERT1) (Extracellular signal-regulated kinase 2) (ERK-2) (MAP kinase isoform p42) (p42-MAPK) (Mitogen-activated protein kinase 2) (MAP kinase 2) (MAPK 2),MAPK1,ERK2 PRKM1 PRKM2,CHEMBL4040,ERK2,MAPK
Q16659,Homo sapiens (Human),Mitogen-activated protein kinase 6 (MAP kinase 6) (MAPK 6) (EC 2.7.11.24) (Extracellular signal-regulated kinase 3) (ERK-3) (MAP kinase isoform p97) (p97-MAPK),MAPK6,ERK3 PRKM6,CHEMBL5121,ERK3,MAPK
P31152,Homo sapiens (Human),Mitogen-activated protein kinase 4 (MAP kinase 4) (MAPK 4) (EC 2.7.11.24) (Extracellular signal-regulated kinase 4) (ERK-4) (MAP kinase isoform p63) (p63-MAPK),MAPK4,ERK4 PRKM4,CHEMBL5759,ERK4,MAPK
Q13164,Homo sapiens (Human),Mitogen-activated protein kinase 7 (MAP kinase 7) (MAPK 7) (EC 2.7.11.24) (Big MAP kinase 1) (BMK-1) (Extracellular signal-regulated kinase 5) (ERK-5),MAPK7,BMK1 ERK5 PRKM7,CHEMBL5332,ERK5,MAPK
Q8TD08,Homo sapiens (Human),Mitogen-activated protein kinase 15 (MAP kinase 15) (MAPK 15) (EC 2.7.11.24) (Extracellular signal-regulated kinase 7) (ERK-7) (Extracellular signal-regulated kinase 8) (ERK-8),MAPK15,ERK7 ERK8,CHEMBL5198,ERK8,MAPK
O75460,Homo sapiens (Human),Serine/threonine-protein kinase/endoribonuclease IRE1 (Endoplasmic reticulum-to-nucleus signaling 1) (Inositol-requiring protein 1) (hIRE1p) (Ire1-alpha) (IRE1a) [Includes: Serine/threonine-protein kinase (EC 2.7.11.1); Endoribonuclease (EC 3.1.26.-)],ERN1,IRE1,CHEMBL1163101,ERN1,IRE
Q05397,Homo sapiens (Human),Focal adhesion kinase 1 (FADK 1) (EC 2.7.10.2) (Focal adhesion kinase-related nonkinase) (FRNK) (Protein phosphatase 1 regulatory subunit 71) (PPP1R71) (Protein-tyrosine kinase 2) (p125FAK) (pp125FAK),PTK2,FAK FAK1,CHEMBL2695,FAK,FAK
P16591,Homo sapiens (Human),Tyrosine-protein kinase Fer (EC 2.7.10.2) (Feline encephalitis virus-related kinase FER) (Fujinami poultry sarcoma/Feline sarcoma-related protein Fer) (Proto-oncogene c-Fer) (Tyrosine kinase 3) (p94-Fer),FER,TYK3,CHEMBL3982,FER,Fer
P07332,Homo sapiens (Human),Tyrosine-protein kinase Fes/Fps (EC 2.7.10.2) (Feline sarcoma/Fujinami avian sarcoma oncogene homolog) (Proto-oncogene c-Fes) (Proto-oncogene c-Fps) (p93c-fes),FES,FPS,CHEMBL5455,FES,Fer
P11362,Homo sapiens (Human),Fibroblast growth factor receptor 1 (FGFR-1) (EC 2.7.10.1) (Basic fibroblast growth factor receptor 1) (BFGFR) (bFGF-R-1) (Fms-like tyrosine kinase 2) (FLT-2) (N-sam) (Proto-oncogene c-Fgr) (CD antigen CD331),FGFR1 ,BFGFR CEK FGFBR FLG FLT2 HBGFR,CHEMBL3650,FGFR1,FGFR
P21802,Homo sapiens (Human),Fibroblast growth factor receptor 2 (FGFR-2) (EC 2.7.10.1) (K-sam) (KGFR) (Keratinocyte growth factor receptor) (CD antigen CD332),FGFR2,BEK KGFR KSAM,CHEMBL4142,FGFR2,FGFR
P22607,Homo sapiens (Human),Fibroblast growth factor receptor 3 (FGFR-3) (EC 2.7.10.1) (CD antigen CD333),FGFR3,JTK4,CHEMBL2742,FGFR3,FGFR
P22455,Homo sapiens (Human),Fibroblast growth factor receptor 4 (FGFR-4) (EC 2.7.10.1) (CD antigen CD334),FGFR4,JTK2 TKF,CHEMBL3973,FGFR4,FGFR
P09769,Homo sapiens (Human),Tyrosine-protein kinase Fgr (EC 2.7.10.2) (Gardner-Rasheed feline sarcoma viral (v-fgr) oncogene homolog) (Proto-oncogene c-Fgr) (p55-Fgr) (p58-Fgr) (p58c-Fgr),FGR,SRC2,CHEMBL4454,FGR,Src
P17948,Homo sapiens (Human),Vascular endothelial growth factor receptor 1 (VEGFR-1) (EC 2.7.10.1) (Fms-like tyrosine kinase 1) (FLT-1) (Tyrosine-protein kinase FRT) (Tyrosine-protein kinase receptor FLT) (FLT) (Vascular permeability factor receptor),FLT1,FLT FRT VEGFR1,CHEMBL1868,FLT1,VEGFR
P36888,Homo sapiens (Human),Receptor-type tyrosine-protein kinase FLT3 (EC 2.7.10.1) (FL cytokine receptor) (Fetal liver kinase-2) (FLK-2) (Fms-like tyrosine kinase 3) (FLT-3) (Stem cell tyrosine kinase 1) (STK-1) (CD antigen CD135),FLT3,CD135 FLK2 STK1,CHEMBL1974,FLT3,PDGFR
P35916,Homo sapiens (Human),Vascular endothelial growth factor receptor 3 (VEGFR-3) (EC 2.7.10.1) (Fms-like tyrosine kinase 4) (FLT-4) (Tyrosine-protein kinase receptor FLT4),FLT4,VEGFR3,CHEMBL1955,FLT4,VEGFR
P42685,Homo sapiens (Human),Tyrosine-protein kinase FRK (EC 2.7.10.2) (FYN-related kinase) (Nuclear tyrosine protein kinase RAK) (Protein-tyrosine kinase 5),FRK,PTK5 RAK,CHEMBL4223,FRK,Src
P06241,Homo sapiens (Human),Tyrosine-protein kinase Fyn (EC 2.7.10.2) (Proto-oncogene Syn) (Proto-oncogene c-Fyn) (Src-like kinase) (SLK) (p59-Fyn),FYN,,CHEMBL1841,FYN,Src
O14976,Homo sapiens (Human),Cyclin-G-associated kinase (EC 2.7.11.1) (DnaJ homolog subfamily C member 26) EIF2AK4,GAK,DNAJC26,CHEMBL4355,GAK,NAK
Q15835,Homo sapiens (Human),Rhodopsin kinase GRK1 (RK) (EC 2.7.11.14) (G protein-coupled receptor kinase 1),GRK1,RHOK,CHEMBL5607,GRK1,GRK
P25098,Homo sapiens (Human),Beta-adrenergic receptor kinase 1 (Beta-ARK-1) (EC 2.7.11.15) (G-protein coupled receptor kinase 2),GRK2,ADRBK1 BARK BARK1,CHEMBL4079,GRK2,GRK
P35626,Homo sapiens (Human),G protein-coupled receptor kinase 3 (EC 2.7.11.15) (Beta-adrenergic receptor kinase 2) (Beta-ARK-2),GRK3 ,ADRBK2 BARK2,CHEMBL1075166,GRK3,GRK
P32298,Homo sapiens (Human),G protein-coupled receptor kinase 4 (EC 2.7.11.16) (G protein-coupled receptor kinase GRK4) (ITI1),GRK4,GPRK2L GPRK4,CHEMBL5861,GRK4,GRK
Q8WTQ7,Homo sapiens (Human),Rhodopsin kinase GRK7 (EC 2.7.11.14) (G protein-coupled receptor kinase 7) (G protein-coupled receptor kinase GRK7),GRK7,GPRK7,CHEMBL1075133,GRK7,GRK
P49840,Homo sapiens (Human),Glycogen synthase kinase-3 alpha (GSK-3 alpha) (EC 2.7.11.26) (Serine/threonine-protein kinase GSK3A) (EC 2.7.11.1),GSK3A,,CHEMBL2850,GSK3A,GSK
P49841,Homo sapiens (Human),Glycogen synthase kinase-3 beta (GSK-3 beta) (EC 2.7.11.26) (Serine/threonine-protein kinase GSK3B) (EC 2.7.11.1),GSK3B,,CHEMBL262,GSK3B,GSK
Q8TF76,Homo sapiens (Human),Serine/threonine-protein kinase haspin (EC 2.7.11.1) (Germ cell-specific gene 2 protein) (H-haspin) (Haploid germ cell-specific nuclear protein kinase),HASPIN,GSG2,CHEMBL1075163,HASPIN,Haspin
P08631,Homo sapiens (Human),Tyrosine-protein kinase HCK (EC 2.7.10.2) (Hematopoietic cell kinase) (Hemopoietic cell kinase) (p59-HCK/p60-HCK) (p59Hck) (p61Hck),HCK,,CHEMBL3234,HCK,Src
Q86Z02,Homo sapiens (Human),Homeodomain-interacting protein kinase 1 (EC 2.7.11.1) (Nuclear body-associated kinase 2),HIPK1,KIAA0630 MYAK NBAK2,CHEMBL5427,HIPK1,DYRK
Q9H2X6,Homo sapiens (Human),Homeodomain-interacting protein kinase 2 (hHIPk2) (EC 2.7.11.1),HIPK2,,CHEMBL4576,HIPK2,DYRK
Q9H422,Homo sapiens (Human),Homeodomain-interacting protein kinase 3 (EC 2.7.11.1) (Androgen receptor-interacting nuclear protein kinase) (ANPK) (Fas-interacting serine/threonine-protein kinase) (FIST) (Homolog of protein kinase YAK1),HIPK3,DYRK6 FIST3 PKY,CHEMBL4577,HIPK3,DYRK
Q8NE63,Homo sapiens (Human),Homeodomain-interacting protein kinase 4 (EC 2.7.11.1),HIPK4,,CHEMBL1075167,HIPK4,DYRK
Q92918,Homo sapiens (Human),Mitogen-activated protein kinase kinase kinase kinase 1 (EC 2.7.11.1) (Hematopoietic progenitor kinase) (MAPK/ERK kinase kinase kinase 1) (MEK kinase kinase 1) (MEKKK 1),MAP4K1,HPK1,CHEMBL5749,HPK1,STE20
P57058,Homo sapiens (Human),Hormonally up-regulated neu tumor-associated kinase,HUNK,MAKV B19,CHEMBL1795165,HUNK,CAMKL
Q9UPZ9,Homo sapiens (Human),Serine/threonine-protein kinase ICK (EC 2.7.11.1) (Ciliogenesis associated kinase 1) (Intestinal cell kinase) (hICK) (Laryngeal cancer kinase 2) (LCK2) (MAK-related kinase) (MRK),CILK1,ICK KIAA0936,CHEMBL1163126,ICK,RCK
P08069,Homo sapiens (Human),Insulin-like growth factor 1 receptor (EC 2.7.10.1) (Insulin-like growth factor I receptor) (IGF-I receptor) (CD antigen CD221) [Cleaved into: Insulin-like growth factor 1 receptor alpha chain; Insulin-like growth factor 1 receptor beta chain],IGF1R,,CHEMBL1957,IGF1R,InsR
O15111,Homo sapiens (Human),Inhibitor of nuclear factor kappa-B kinase subunit alpha (I-kappa-B kinase alpha) (IKK-A) (IKK-alpha) (IkBKA) (IkappaB kinase) (EC 2.7.11.10) (Conserved helix-loop-helix ubiquitous kinase) (I-kappa-B kinase 1) (IKK-1) (IKK1) (Nuclear factor NF-kappa-B inhibitor kinase alpha) (NFKBIKA) (Transcription factor 16) (TCF-16),CHUK,IKKA TCF16,CHEMBL3476,IKK-alpha,IKK
O14920,Homo sapiens (Human),Inhibitor of nuclear factor kappa-B kinase subunit beta (I-kappa-B-kinase beta) (IKK-B) (IKK-beta) (IkBKB) (EC 2.7.11.10) (I-kappa-B kinase 2) (IKK-2) (IKK2) (Nuclear factor NF-kappa-B inhibitor kinase beta) (NFKBIKB) (Serine/threonine protein kinase IKBKB) (EC 2.7.11.1),IKBKB,IKKB,CHEMBL1991,IKK-beta,IKK
Q14164,Homo sapiens (Human),Inhibitor of nuclear factor kappa-B kinase subunit epsilon (I-kappa-B kinase epsilon) (IKK-E) (IKK-epsilon) (IkBKE) (EC 2.7.11.10) (Inducible I kappa-B kinase) (IKK-i),IKBKE,IKKE IKKI KIAA0151,CHEMBL3529,IKK-epsilon,IKK
P06213,Homo sapiens (Human),Insulin receptor (IR) (EC 2.7.10.1) (CD antigen CD220) [Cleaved into: Insulin receptor subunit alpha; Insulin receptor subunit beta],INSR,,CHEMBL1981,INSR,InsR
P14616,Homo sapiens (Human),Insulin receptor-related protein (IRR) (EC 2.7.10.1) (IR-related receptor) [Cleaved into: Insulin receptor-related protein alpha chain; Insulin receptor-related protein beta chain],INSRR,IRR,CHEMBL5483,INSRR,InsR
P51617,Homo sapiens (Human),Interleukin-1 receptor-associated kinase 1 (IRAK-1) (EC 2.7.11.1),IRAK1 ,IRAK,CHEMBL3357,IRAK1,IRAK
Q9Y616,Homo sapiens (Human),Interleukin-1 receptor-associated kinase 3,IRAK3,IRAK-3 IRAK-M,CHEMBL5081,IRAK3,IRAK
Q9NWZ3,Homo sapiens (Human),Interleukin-1 receptor-associated kinase 4 (IRAK-4) (EC 2.7.11.1) (Renal carcinoma antigen NY-REN-64),IRAK4,,CHEMBL3778,IRAK4,IRAK
Q08881,Homo sapiens (Human),Tyrosine-protein kinase ITK/TSK (EC 2.7.10.2) (Interleukin-2-inducible T-cell kinase) (IL-2-inducible T-cell kinase) (Kinase EMT) (T-cell-specific kinase) (Tyrosine-protein kinase Lyk),ITK,EMT LYK,CHEMBL2959,ITK,Tec
P23458,Homo sapiens (Human),Tyrosine-protein kinase JAK1 (EC 2.7.10.2) (Janus kinase 1) (JAK-1),JAK1,JAK1A JAK1B,CHEMBL2835,JAK1(JH1domain-catalytic),Jak
O60674,Homo sapiens (Human),Tyrosine-protein kinase JAK2 (EC 2.7.10.2) (Janus kinase 2) (JAK-2),JAK2,,CHEMBL2971,JAK2(JH1domain-catalytic),Jak
P52333,Homo sapiens (Human),Tyrosine-protein kinase JAK3 (EC 2.7.10.2) (Janus kinase 3) (JAK-3) (Leukocyte janus kinase) (L-JAK),JAK3,,CHEMBL2148,JAK3(JH1domain-catalytic),Jak
P45983,Homo sapiens (Human),Mitogen-activated protein kinase 8 (MAP kinase 8) (MAPK 8) (EC 2.7.11.24) (JNK-46) (Stress-activated protein kinase 1c) (SAPK1c) (Stress-activated protein kinase JNK1) (c-Jun N-terminal kinase 1),MAPK8,JNK1 PRKM8 SAPK1 SAPK1C,CHEMBL2276,JNK1,MAPK
P45984,Homo sapiens (Human),Mitogen-activated protein kinase 9 (MAP kinase 9) (MAPK 9) (EC 2.7.11.24) (JNK-55) (Stress-activated protein kinase 1a) (SAPK1a) (Stress-activated protein kinase JNK2) (c-Jun N-terminal kinase 2),MAPK9,JNK2 PRKM9 SAPK1A,CHEMBL4179,JNK2,MAPK
P53779,Homo sapiens (Human),Mitogen-activated protein kinase 10 (MAP kinase 10) (MAPK 10) (EC 2.7.11.24) (MAP kinase p49 3F12) (Stress-activated protein kinase 1b) (SAPK1b) (Stress-activated protein kinase JNK3) (c-Jun N-terminal kinase 3),MAPK10,JNK3 JNK3A PRKM10 SAPK1B,CHEMBL2637,JNK3,MAPK
O95835,Homo sapiens (Human),Serine/threonine-protein kinase LATS1 (EC 2.7.11.1) (Large tumor suppressor homolog 1) (WARTS protein kinase) (h-warts),LATS1,WARTS,CHEMBL6167,LATS1,NDR
Q9NRM7,Homo sapiens (Human),Serine/threonine-protein kinase LATS2 (EC 2.7.11.1) (Kinase phosphorylated during mitosis protein) (Large tumor suppressor homolog 2) (Serine/threonine-protein kinase kpm) (Warts-like kinase),LATS2,KPM,CHEMBL5907,LATS2,NDR
P06239,Homo sapiens (Human),Tyrosine-protein kinase Lck (EC 2.7.10.2) (Leukocyte C-terminal Src kinase) (LSK) (Lymphocyte cell-specific protein-tyrosine kinase) (Protein YT16) (Proto-oncogene Lck) (T cell-specific protein-tyrosine kinase) (p56-LCK),LCK,,CHEMBL258,LCK,Src
P53667,Homo sapiens (Human),LIM domain kinase 1 (LIMK-1) (EC 2.7.11.1),LIMK1,LIMK,CHEMBL3836,LIMK1,LISK
P53671,Homo sapiens (Human),LIM domain kinase 2 (LIMK-2) (EC 2.7.11.1),LIMK2,,CHEMBL5932,LIMK2,LISK
O94804,Homo sapiens (Human),Serine/threonine-protein kinase 10 (EC 2.7.11.1) (Lymphocyte-oriented kinase),STK10,LOK,CHEMBL3981,LOK,STE20
Q5S007,Homo sapiens (Human),Leucine-rich repeat serine/threonine-protein kinase 2 (EC 2.7.11.1) (EC 3.6.5.-) (Dardarin),LRRK2,PARK8,CHEMBL1075104,LRRK2,LRRK
P29376,Homo sapiens (Human),Leukocyte tyrosine kinase receptor (EC 2.7.10.1) (Protein tyrosine kinase 1),LTK,TYK1,CHEMBL5627,LTK,ALK
P07948,Homo sapiens (Human),Tyrosine-protein kinase Lyn (EC 2.7.10.2) (Lck/Yes-related novel protein tyrosine kinase) (V-yes-1 Yamaguchi sarcoma viral related oncogene homolog) (p53Lyn) (p56Lyn),LYN JTK8,JTK8,CHEMBL3905,LYN,Src
O43283,Homo sapiens (Human),Mitogen-activated protein kinase kinase kinase 13 (EC 2.7.11.25) (Leucine zipper-bearing kinase) (Mixed lineage kinase) (MLK),MAP3K13,LZK,CHEMBL1163124,LZK,MLK
Q13233,Homo sapiens (Human),Mitogen-activated protein kinase kinase kinase 1 (EC 2.7.11.25) (MAPK/ERK kinase kinase 1) (MEK kinase 1) (MEKK 1) (EC 2.3.2.27),MAP3K1,MAPKKK1 MEKK MEKK1,CHEMBL3956,MAP3K1,STE11
Q9Y2U5,Homo sapiens (Human),Mitogen-activated protein kinase kinase kinase 2 (EC 2.7.11.25) (MAPK/ERK kinase kinase 2) (MEK kinase 2) (MEKK 2),MAP3K2,MAPKKK2 MEKK2,CHEMBL5914,MAP3K2,STE11
Q99759,Homo sapiens (Human),Mitogen-activated protein kinase kinase kinase 3 (EC 2.7.11.25) (MAPK/ERK kinase kinase 3) (MEK kinase 3) (MEKK 3),MAP3K3,MAPKKK3 MEKK3,CHEMBL5970,MAP3K3,STE11
Q12851,Homo sapiens (Human),Mitogen-activated protein kinase kinase kinase kinase 2 (EC 2.7.11.1) (B lymphocyte serine/threonine-protein kinase) (Germinal center kinase) (GC kinase) (MAPK/ERK kinase kinase kinase 2) (MEK kinase kinase 2) (MEKKK 2) (Rab8-interacting protein),MAP4K2,GCK RAB8IP,CHEMBL5330,MAP4K2,STE20
Q8IVH8,Homo sapiens (Human),Mitogen-activated protein kinase kinase kinase kinase 3 (EC 2.7.11.1) (Germinal center kinase-related protein kinase) (GLK) (MAPK/ERK kinase kinase kinase 3) (MEK kinase kinase 3) (MEKKK 3),MAP4K3,RAB8IPL1,CHEMBL5432,MAP4K3,STE20
O95819,Homo sapiens (Human),Mitogen-activated protein kinase kinase kinase kinase 4 (EC 2.7.11.1) (HPK/GCK-like kinase HGK) (MAPK/ERK kinase kinase kinase 4) (MEK kinase kinase 4) (MEKKK 4) (Nck-interacting kinase),MAP4K4,HGK KIAA0687 NIK,CHEMBL6166,MAP4K4,STE20
Q9Y4K4,Homo sapiens (Human),Mitogen-activated protein kinase kinase kinase kinase 5 (EC 2.7.11.1) (Kinase homologous to SPS1/STE20) (KHS) (MAPK/ERK kinase kinase kinase 5) (MEK kinase kinase 5) (MEKKK 5),MAP4K5,,CHEMBL4852,MAP4K5,STE20
P49137,Homo sapiens (Human),MAP kinase-activated protein kinase 2 (MAPK-activated protein kinase 2) (MAPKAP kinase 2) (MAPKAP-K2) (MAPKAPK-2) (MK-2) (MK2) (EC 2.7.11.1),MAPKAPK2,,CHEMBL2208,MAPKAPK2,MAPKAPK
Q8IW41,Homo sapiens (Human),MAP kinase-activated protein kinase 5 (MAPK-activated protein kinase 5) (MAPKAP kinase 5) (MAPKAP-K5) (MAPKAPK-5) (MK-5) (MK5) (EC 2.7.11.1) (p38-regulated/activated protein kinase) (PRAK),MAPKAPK5,PRAK,CHEMBL3094,MAPKAPK5,MAPKAPK
Q9P0L2,Homo sapiens (Human),Serine/threonine-protein kinase MARK1 (EC 2.7.11.1) (EC 2.7.11.26) (MAP/microtubule affinity-regulating kinase 1) (PAR1 homolog c) (Par-1c) (Par1c),MARK1,KIAA1477 MARK,CHEMBL5940,MARK1,CAMKL
Q7KZI7,Homo sapiens (Human),Serine/threonine-protein kinase MARK2 (EC 2.7.11.1) (EC 2.7.11.26) (ELKL motif kinase 1) (EMK-1) (MAP/microtubule affinity-regulating kinase 2) (PAR1 homolog) (PAR1 homolog b) (Par-1b) (Par1b),MARK2,EMK1,CHEMBL3831,MARK2,CAMKL
P27448,Homo sapiens (Human),MAP/microtubule affinity-regulating kinase 3 (EC 2.7.11.1) (C-TAK1) (cTAK1) (Cdc25C-associated protein kinase 1) (ELKL motif kinase 2) (EMK-2) (Protein kinase STK10) (Ser/Thr protein kinase PAR-1) (Par-1a) (Serine/threonine-protein kinase p78),MARK3 ,CTAK1 EMK2,CHEMBL5600,MARK3,CAMKL
Q96L34,Homo sapiens (Human),MAP/microtubule affinity-regulating kinase 4 (EC 2.7.11.1) (MAP/microtubule affinity-regulating kinase-like 1),MARK4,KIAA1860 MARKL1,CHEMBL5754,MARK4,CAMKL
Q9Y2H9,Homo sapiens (Human),Microtubule-associated serine/threonine-protein kinase 1 (EC 2.7.11.1) (Syntrophin-associated serine/threonine-protein kinase),MAST1,KIAA0973 SAST,CHEMBL1163128,MAST1,MAST
Q02750,Homo sapiens (Human),Dual specificity mitogen-activated protein kinase kinase 1 (MAP kinase kinase 1) (MAPKK 1) (MKK1) (EC 2.7.12.2) (ERK activator kinase 1) (MAPK/ERK kinase 1) (MEK 1),MAP2K1,MEK1 PRKMK1,CHEMBL3587,MEK1,STE7
P36507,Homo sapiens (Human),Dual specificity mitogen-activated protein kinase kinase 2 (MAP kinase kinase 2) (MAPKK 2) (EC 2.7.12.2) (ERK activator kinase 2) (MAPK/ERK kinase 2) (MEK 2),MAP2K2,MEK2 MKK2 PRKMK2,CHEMBL2964,MEK2,STE7
P46734,Homo sapiens (Human),Dual specificity mitogen-activated protein kinase kinase 3 (MAP kinase kinase 3) (MAPKK 3) (EC 2.7.12.2) (MAPK/ERK kinase 3) (MEK 3) (Stress-activated protein kinase kinase 2) (SAPK kinase 2) (SAPKK-2) (SAPKK2),MAP2K3,MEK3 MKK3 PRKMK3 SKK2,CHEMBL2109,MEK3,STE7
P45985,Homo sapiens (Human),Dual specificity mitogen-activated protein kinase kinase 4 (MAP kinase kinase 4) (MAPKK 4) (EC 2.7.12.2) (JNK-activating kinase 1) (MAPK/ERK kinase 4) (MEK 4) (SAPK/ERK kinase 1) (SEK1) (Stress-activated protein kinase kinase 1) (SAPK kinase 1) (SAPKK-1) (SAPKK1) (c-Jun N-terminal kinase kinase 1) (JNKK),MAP2K4,JNKK1 MEK4 MKK4 PRKMK4 SEK1 SERK1 SKK1,CHEMBL2897,MEK4,STE7
Q13163,Homo sapiens (Human),Dual specificity mitogen-activated protein kinase kinase 5 (MAP kinase kinase 5) (MAPKK 5) (EC 2.7.12.2) (MAPK/ERK kinase 5) (MEK 5),MAP2K5,MEK5 MKK5 PRKMK5,CHEMBL4948,MEK5,STE7
P52564,Homo sapiens (Human),Dual specificity mitogen-activated protein kinase kinase 6 (MAP kinase kinase 6) (MAPKK 6) (EC 2.7.12.2) (MAPK/ERK kinase 6) (MEK 6) (Stress-activated protein kinase kinase 3) (SAPK kinase 3) (SAPKK-3) (SAPKK3),MAP2K6,MEK6 MKK6 PRKMK6 SKK3,CHEMBL2171,MEK6,STE7
Q14680,Homo sapiens (Human),Maternal embryonic leucine zipper kinase (hMELK) (EC 2.7.11.1) (Protein kinase Eg3) (pEg3 kinase) (Protein kinase PK38) (hPK38) (Tyrosine-protein kinase MELK) (EC 2.7.10.2),MELK,KIAA0175,CHEMBL4578,MELK,CAMKL
Q12866,Homo sapiens (Human),Tyrosine-protein kinase Mer (EC 2.7.10.1) (Proto-oncogene c-Mer) (Receptor tyrosine kinase MerTK),MERTK,MER,CHEMBL5331,MERTK,Axl
P08581,Homo sapiens (Human),Hepatocyte growth factor receptor (HGF receptor) (EC 2.7.10.1) (HGF/SF receptor) (Proto-oncogene c-Met) (Scatter factor receptor) (SF receptor) (Tyrosine-protein kinase Met),MET,,CHEMBL3717,MET,Met
Q8N4C8,Homo sapiens (Human),Misshapen-like kinase 1 (EC 2.7.11.1) (GCK family kinase MiNK) (MAPK/ERK kinase kinase kinase 6) (MEK kinase kinase 6) (MEKKK 6) (Misshapen/NIK-related kinase) (Mitogen-activated protein kinase kinase kinase kinase 6),MINK1,B55 MAP4K6 MINK YSK2 ZC3,CHEMBL5518,MINK,STE20
O14733,Homo sapiens (Human),Dual specificity mitogen-activated protein kinase kinase 7 (MAP kinase kinase 7) (MAPKK 7) (EC 2.7.12.2) (JNK-activating kinase 2) (MAPK/ERK kinase 7) (MEK 7) (Stress-activated protein kinase kinase 4) (SAPK kinase 4) (SAPKK-4) (SAPKK4) (c-Jun N-terminal kinase kinase 2) (JNK kinase 2) (JNKK 2),MAP2K7,JNKK2 MEK7 MKK7 PRKMK7 SKK4,CHEMBL3530,MKK7,STE7
Q9BUB5,Homo sapiens (Human),MAP kinase-interacting serine/threonine-protein kinase 1 (EC 2.7.11.1) (MAP kinase signal-integrating kinase 1) (MAPK signal-integrating kinase 1) (Mnk1),MKNK1,MNK1,CHEMBL4718,MKNK1,MAPKAPK
Q9HBH9,Homo sapiens (Human),MAP kinase-interacting serine/threonine-protein kinase 2 (EC 2.7.11.1) (MAP kinase signal-integrating kinase 2) (MAPK signal-integrating kinase 2) (Mnk2),MKNK2,GPRK7 MNK2,CHEMBL4204,MKNK2,MAPKAPK
Q32MK0,Homo sapiens (Human),Myosin light chain kinase 3 (EC 2.7.11.18) (Cardiac-MyBP-C-associated Ca/CaM kinase) (Cardiac-MLCK),MYLK3,MLCK,CHEMBL4627,MLCK,MLCK
P80192,Homo sapiens (Human),Mitogen-activated protein kinase kinase kinase 9 (EC 2.7.11.25) (Mixed lineage kinase 1),MAP3K9,MLK1 PRKE1,CHEMBL2872,MLK1,MLK
Q02779,Homo sapiens (Human),Mitogen-activated protein kinase kinase kinase 10 (EC 2.7.11.25) (Mixed lineage kinase 2) (Protein kinase MST),MAP3K10,MLK2 MST,CHEMBL2873,MLK2,MLK
Q16584,Homo sapiens (Human),Mitogen-activated protein kinase kinase kinase 11 (EC 2.7.11.25) (Mixed lineage kinase 3) (Src-homology 3 domain-containing proline-rich kinase),MAP3K11,MLK3 PTK1 SPRK,CHEMBL2708,MLK3,MLK
Q5VT25,Homo sapiens (Human),Serine/threonine-protein kinase MRCK alpha (EC 2.7.11.1) (CDC42-binding protein kinase alpha) (DMPK-like alpha) (Myotonic dystrophy kinase-related CDC42-binding kinase alpha) (MRCK alpha) (Myotonic dystrophy protein kinase-like alpha),CDC42BPA,KIAA0451,CHEMBL4516,MRCKA,DMPK
Q13043,Homo sapiens (Human),Serine/threonine-protein kinase 4 (EC 2.7.11.1) (Mammalian STE20-like protein kinase 1) (MST-1) (STE20-like kinase MST1) (Serine/threonine-protein kinase Krs-2) [Cleaved into: Serine/threonine-protein kinase 4 37kDa subunit (MST1/N); Serine/threonine-protein kinase 4 18kDa subunit (MST1/C)],STK4,KRS2 MST1,CHEMBL4598,MST1,STE20
Q04912,Homo sapiens (Human),Macrophage-stimulating protein receptor (MSP receptor) (EC 2.7.10.1) (CDw136) (Protein-tyrosine kinase 8) (p185-Ron) (CD antigen CD136) [Cleaved into: Macrophage-stimulating protein receptor alpha chain; Macrophage-stimulating protein receptor beta chain],MST1R ,PTK8 RON,CHEMBL2689,MST1R,Met
Q13188,Homo sapiens (Human),Serine/threonine-protein kinase 3 (EC 2.7.11.1) (Mammalian STE20-like protein kinase 2) (MST-2) (STE20-like kinase MST2) (Serine/threonine-protein kinase Krs-1) [Cleaved into: Serine/threonine-protein kinase 3 36kDa subunit (MST2/N); Serine/threonine-protein kinase 3 20kDa subunit (MST2/C)],STK3,KRS1 MST2,CHEMBL4708,MST2,STE20
Q9Y6E0,Homo sapiens (Human),Serine/threonine-protein kinase 24 (EC 2.7.11.1) (Mammalian STE20-like protein kinase 3) (MST-3) (STE20-like kinase MST3) [Cleaved into: Serine/threonine-protein kinase 24 36 kDa subunit (Mammalian STE20-like protein kinase 3 N-terminal) (MST3/N); Serine/threonine-protein kinase 24 12 kDa subunit (Mammalian STE20-like protein kinase 3 C-terminal) (MST3/C)],STK24,MST3 STK3,CHEMBL5082,MST3,STE20
Q9P289,Homo sapiens (Human),Serine/threonine-protein kinase 26 (EC 2.7.11.1) (MST3 and SOK1-related kinase) (Mammalian STE20-like protein kinase 4) (MST-4) (STE20-like kinase MST4) (Serine/threonine-protein kinase MASK),STK26,MASK MST4,CHEMBL5941,MST4,STE20
P42345,Homo sapiens (Human),Serine/threonine-protein kinase mTOR (EC 2.7.11.1) (FK506-binding protein 12-rapamycin complex-associated protein 1) (FKBP12-rapamycin complex-associated protein) (Mammalian target of rapamycin) (mTOR) (Mechanistic target of rapamycin) (Rapamycin and FKBP12 target 1) (Rapamycin target protein 1) (Tyrosine-protein kinase mTOR) (EC 2.7.10.2),MTOR,FRAP FRAP1 FRAP2 RAFT1 RAPT1,CHEMBL2842,MTOR,PIKK
O15146,Homo sapiens (Human),Muscle skeletal receptor tyrosine-protein kinase (EC 2.7.10.1) (Muscle-specific tyrosine-protein kinase receptor) (MuSK) (Muscle-specific kinase receptor),MUSK,MUSK,CHEMBL5684,MUSK,Musk
Q15746,Homo sapiens (Human),Myosin light chain kinase smooth muscle (MLCK) (smMLCK) (EC 2.7.11.18) (Kinase-related protein) (KRP) (Telokin) [Cleaved into: Myosin light chain kinase smooth muscle deglutamylated form],MYLK,MLCK MLCK1 MYLK1,CHEMBL2428,MYLK,MLCK
Q9H1R3,Homo sapiens (Human),Myosin light chain kinase 2 skeletal/cardiac muscle (MLCK2) (EC 2.7.11.18), skeletal/cardiac muscle (MLCK2) (EC 2.7.11.18),MYLK2,CHEMBL2777,MYLK2,MLCK
Q86YV6,Homo sapiens (Human),Myosin light chain kinase family member 4,MYLK4,SgK085,CHEMBL5426,MYLK4,MLCK
Q8NEV4,Homo sapiens (Human),Myosin-IIIa (EC 2.7.11.1),MYO3A,,CHEMBL5546,MYO3A,STE20
Q8WXR4,Homo sapiens (Human),Myosin-IIIb (EC 2.7.11.1),MYO3B,,CHEMBL5654,MYO3B,STE20
Q9Y2H1,Homo sapiens (Human),Serine/threonine-protein kinase 38-like (EC 2.7.11.1) (NDR2 protein kinase) (Nuclear Dbf2-related kinase 2),STK38L,KIAA0965 NDR2,CHEMBL4851,NDR2,NDR
Q96PY6,Homo sapiens (Human),Serine/threonine-protein kinase Nek1 (EC 2.7.11.1) (Never in mitosis A-related kinase 1) (NimA-related protein kinase 1) (Renal carcinoma antigen NY-REN-55),NEK11,KIAA1901,CHEMBL5855,NEK1,NEK
Q8NG66,Homo sapiens (Human),Serine/threonine-protein kinase Nek11 (EC 2.7.11.1) (Never in mitosis A-related kinase 11) (NimA-related protein kinase 11),NEK11,,CHEMBL5638,NEK11,NEK
P51955,Homo sapiens (Human),Serine/threonine-protein kinase Nek2 (EC 2.7.11.1) (HSPK 21) (Never in mitosis A-related kinase 2) (NimA-related protein kinase 2) (NimA-like protein kinase 1),NEK2,NEK2A NLK1,CHEMBL3835,NEK2,NEK
P51956,Homo sapiens (Human),Serine/threonine-protein kinase Nek3 (EC 2.7.11.1) (HSPK 36) (Never in mitosis A-related kinase 3) (NimA-related protein kinase 3),NEK3,,CHEMBL5679,NEK3,NEK
P51957,Homo sapiens (Human),Serine/threonine-protein kinase Nek4 (EC 2.7.11.1) (Never in mitosis A-related kinase 4) (NimA-related protein kinase 4) (Serine/threonine-protein kinase 2) (Serine/threonine-protein kinase NRK2),NEK4,STK2,CHEMBL5819,NEK4,NEK
Q6P3R8,Homo sapiens (Human),Serine/threonine-protein kinase Nek5,NEK5,NimA-5,CHEMBL5044,NEK5,NEK
Q9HC98,Homo sapiens (Human),Serine/threonine-protein kinase Nek6 (EC 2.7.11.34) (Never in mitosis A-related kinase 6) (NimA-related protein kinase 6) (Protein kinase SID6-1512),NEK6,,CHEMBL4309,NEK6,NEK
Q8TDX7,Homo sapiens (Human),Serine/threonine-protein kinase Nek7 (EC 2.7.11.34) (Never in mitosis A-related kinase 7) (NimA-related protein kinase 7),NEK7,,CHEMBL4849,NEK7,NEK
Q8TD19,Homo sapiens (Human),Serine/threonine-protein kinase Nek9 (EC 2.7.11.1) (Nercc1 kinase) (Never in mitosis A-related kinase 9) (NimA-related protein kinase 9) (NimA-related kinase 8) (Nek8),NEK9,KIAA1995 NEK8 NERCC,CHEMBL5257,NEK9,NEK
Q99558,Homo sapiens (Human),Mitogen-activated protein kinase kinase kinase 14 (EC 2.7.11.25) (NF-kappa-beta-inducing kinase) (HsNIK) (Serine/threonine-protein kinase NIK),MAP3K14,NIK,CHEMBL5888,NIK,STE-Unique
Q8IY84,Homo sapiens (Human),Serine/threonine-protein kinase NIM1 (EC 2.7.11.1) (NIM1 serine/threonine-protein kinase),NIM1K,NIM1,CHEMBL3542,NIM1,CAMKL
Q9UBE8,Homo sapiens (Human),Serine/threonine-protein kinase NLK (EC 2.7.11.24) (Nemo-like kinase) (Protein LAK1),NLK,LAK1,CHEMBL5364,NLK,MAPK
O95747,Homo sapiens (Human),Serine/threonine-protein kinase OSR1 (EC 2.7.11.1) (Oxidative stress-responsive 1 protein),OXSR1,KIAA1101 OSR1,CHEMBL1163104,OSR1,STE20
Q16539,Homo sapiens (Human),Mitogen-activated protein kinase 14 (MAP kinase 14) (MAPK 14) (EC 2.7.11.24) (Cytokine suppressive anti-inflammatory drug-binding protein) (CSAID-binding protein) (CSBP) (MAP kinase MXI2) (MAX-interacting protein 2) (Mitogen-activated protein kinase p38 alpha) (MAP kinase p38 alpha) (Stress-activated protein kinase 2a) (SAPK2a),MAPK14,CSBP CSBP1 CSBP2 CSPB1 MXI2 SAPK2A,CHEMBL260,p38-alpha,MAPK
Q15759,Homo sapiens (Human),Mitogen-activated protein kinase 11 (MAP kinase 11) (MAPK 11) (EC 2.7.11.24) (Mitogen-activated protein kinase p38 beta) (MAP kinase p38 beta) (p38b) (Stress-activated protein kinase 2b) (SAPK2b) (p38-2),MAPK11,PRKM11 SAPK2 SAPK2B,CHEMBL3961,p38-beta,MAPK
O15264,Homo sapiens (Human),Mitogen-activated protein kinase 13 (MAP kinase 13) (MAPK 13) (EC 2.7.11.24) (Mitogen-activated protein kinase p38 delta) (MAP kinase p38 delta) (Stress-activated protein kinase 4),MAPK13,PRKM13 SAPK4,CHEMBL2939,p38-delta,MAPK
P53778,Homo sapiens (Human),Mitogen-activated protein kinase 12 (MAP kinase 12) (MAPK 12) (EC 2.7.11.24) (Extracellular signal-regulated kinase 6) (ERK-6) (Mitogen-activated protein kinase p38 gamma) (MAP kinase p38 gamma) (Stress-activated protein kinase 3),MAPK12,ERK6 SAPK3,CHEMBL4674,p38-gamma,MAPK
Q13153,Homo sapiens (Human),Serine/threonine-protein kinase PAK 1 (EC 2.7.11.1) (Alpha-PAK) (p21-activated kinase 1) (PAK-1) (p65-PAK),PAK1,,CHEMBL4600,PAK1,STE20
Q13177,Homo sapiens (Human),Serine/threonine-protein kinase PAK 2 (EC 2.7.11.1) (Gamma-PAK) (PAK65) (S6/H4 kinase) (p21-activated kinase 2) (PAK-2) (p58) [Cleaved into: PAK-2p27 (p27); PAK-2p34 (p34) (C-t-PAK2)],PAK2,,CHEMBL4487,PAK2,STE20
O75914,Homo sapiens (Human),Serine/threonine-protein kinase PAK 3 (EC 2.7.11.1) (Beta-PAK) (Oligophrenin-3) (p21-activated kinase 3) (PAK-3),PAK3,OPHN3,CHEMBL2999,PAK3,STE20
O96013,Homo sapiens (Human),Serine/threonine-protein kinase PAK 4 (EC 2.7.11.1) (p21-activated kinase 4) (PAK-4),PAK4,KIAA1142,CHEMBL4482,PAK4,STE20
Q9NQU5,Homo sapiens (Human),Serine/threonine-protein kinase PAK 6 (EC 2.7.11.1) (PAK-5) (p21-activated kinase 6) (PAK-6),PAK6,PAK5,CHEMBL4311,PAK6,STE20
Q9P286,Homo sapiens (Human),Serine/threonine-protein kinase PAK 5 (EC 2.7.11.1) (p21-activated kinase 5) (PAK-5) (p21-activated kinase 7) (PAK-7),PAK5,KIAA1264 PAK7,CHEMBL4524,PAK7,STE20
Q00536,Homo sapiens (Human),Cyclin-dependent kinase 16 (EC 2.7.11.22) (Cell division protein kinase 16) (PCTAIRE-motif protein kinase 1) (Serine/threonine-protein kinase PCTAIRE-1),CDK16,PCTAIRE1 PCTK1,CHEMBL4597,PCTK1,CDK
Q00537,Homo sapiens (Human),Cyclin-dependent kinase 17 (EC 2.7.11.22) (Cell division protein kinase 17) (PCTAIRE-motif protein kinase 2) (Serine/threonine-protein kinase PCTAIRE-2),CDK17,PCTAIRE2 PCTK2,CHEMBL5790,PCTK2,CDK
Q07002,Homo sapiens (Human),Cyclin-dependent kinase 18 (EC 2.7.11.22) (Cell division protein kinase 18) (PCTAIRE-motif protein kinase 3) (Serine/threonine-protein kinase PCTAIRE-3),CDK18,PCTAIRE3 PCTK3,CHEMBL5316,PCTK3,CDK
P16234,Homo sapiens (Human),Platelet-derived growth factor receptor alpha (PDGF-R-alpha) (PDGFR-alpha) (EC 2.7.10.1) (Alpha platelet-derived growth factor receptor) (Alpha-type platelet-derived growth factor receptor) (CD140 antigen-like family member A) (CD140a antigen) (Platelet-derived growth factor alpha receptor) (Platelet-derived growth factor receptor 2) (PDGFR-2) (CD antigen CD140a),PDGFRA,PDGFR2 RHEPDGFRA,CHEMBL2007,PDGFRA,PDGFR
P09619,Homo sapiens (Human),Platelet-derived growth factor receptor beta (PDGF-R-beta) (PDGFR-beta) (EC 2.7.10.1) (Beta platelet-derived growth factor receptor) (Beta-type platelet-derived growth factor receptor) (CD140 antigen-like family member B) (Platelet-derived growth factor receptor 1) (PDGFR-1) (CD antigen CD140b),PDGFRB,PDGFR PDGFR1,CHEMBL1913,PDGFRB,PDGFR
O15530,Homo sapiens (Human),3-phosphoinositide-dependent protein kinase 1 (hPDK1) (EC 2.7.11.1),PDPK1,PDK1,CHEMBL2534,PDPK1,PDK1
O94921,Homo sapiens (Human),Cyclin-dependent kinase 14 (EC 2.7.11.22) (Cell division protein kinase 14) (Serine/threonine-protein kinase PFTAIRE-1) (hPFTAIRE1),CDK14,KIAA0834 PFTK1,CHEMBL6162,PFTK1,CDK
Q16816,Homo sapiens (Human),Phosphorylase b kinase gamma catalytic chain skeletal muscle/heart isoform (PHK-gamma-M) (EC 2.7.11.19) (Phosphorylase kinase subunit gamma-1) (Serine/threonine-protein kinase PHKG1) (EC 2.7.11.26),PHKG1,PHKG,CHEMBL4004,PHKG1,PHK
P15735,Homo sapiens (Human),Phosphorylase b kinase gamma catalytic chain liver/testis isoform (PHK-gamma-LT) (PHK-gamma-T) (EC 2.7.11.19) (PSK-C3) (Phosphorylase kinase subunit gamma-2),PHKG2,PHKG2,CHEMBL2349,PHKG2,PHK
P11309,Homo sapiens (Human),Serine/threonine-protein kinase pim-1 (EC 2.7.11.1),PIM1,,CHEMBL2147,PIM1,PIM
Q9P1W9,Homo sapiens (Human),Serine/threonine-protein kinase pim-2 (EC 2.7.11.1) (Pim-2h),PIM2,,CHEMBL4523,PIM2,PIM
Q86V86,Homo sapiens (Human),Serine/threonine-protein kinase pim-3 (EC 2.7.11.1),PIM3,,CHEMBL5407,PIM3,PIM
P17612,Homo sapiens (Human),cAMP-dependent protein kinase catalytic subunit alpha (PKA C-alpha) (EC 2.7.11.11),PRKACA,PKACA,CHEMBL4101,PKAC-alpha,PKA
P22694,Homo sapiens (Human),cAMP-dependent protein kinase catalytic subunit beta (PKA C-beta) (EC 2.7.11.11),PRKACB,,CHEMBL2918,PKAC-beta,PKA
Q99640,Homo sapiens (Human),Membrane-associated tyrosine- and threonine-specific cdc2-inhibitory kinase (EC 2.7.11.1) (Myt1 kinase),PKMYT1,MYT1,CHEMBL3984,PKMYT1,WEE
Q16512,Homo sapiens (Human),Serine/threonine-protein kinase N1 (EC 2.7.11.13) (Protease-activated kinase 1) (PAK-1) (Protein kinase C-like 1) (Protein kinase C-like PKN) (Protein kinase PKN-alpha) (Protein-kinase C-related kinase 1) (Serine-threonine protein kinase N),PKN1,PAK1 PKN PRK1 PRKCL1,CHEMBL3384,PKN1,PKN
Q16513,Homo sapiens (Human),Serine/threonine-protein kinase N2 (EC 2.7.11.13) (PKN gamma) (Protein kinase C-like 2) (Protein-kinase C-related kinase 2),PKN2,PRK2 PRKCL2,CHEMBL3032,PKN2,PKN
P53350,Homo sapiens (Human),Serine/threonine-protein kinase PLK1 (EC 2.7.11.21) (Polo-like kinase 1) (PLK-1) (Serine/threonine-protein kinase 13) (STPK13),PLK1,PLK,CHEMBL3024,PLK1,PLK
Q9NYY3,Homo sapiens (Human),Serine/threonine-protein kinase PLK2 (EC 2.7.11.21) (Polo-like kinase 2) (PLK-2) (hPlk2) (Serine/threonine-protein kinase SNK) (hSNK) (Serum-inducible kinase),PLK2,SNK,CHEMBL5938,PLK2,PLK
Q9H4B4,Homo sapiens (Human),Serine/threonine-protein kinase PLK3 (EC 2.7.11.21) (Cytokine-inducible serine/threonine-protein kinase) (FGF-inducible kinase) (Polo-like kinase 3) (PLK-3) (Proliferation-related kinase),PLK3,CNK FNK PRK,CHEMBL4897,PLK3,PLK
O00444,Homo sapiens (Human),Serine/threonine-protein kinase PLK4 (EC 2.7.11.21) (Polo-like kinase 4) (PLK-4) (Serine/threonine-protein kinase 18) (Serine/threonine-protein kinase Sak),PLK4,SAK STK18,CHEMBL3788,PLK4,PLK
Q05655,Homo sapiens (Human),Protein kinase C delta type (EC 2.7.11.13) (Tyrosine-protein kinase PRKCD) (EC 2.7.10.2) (nPKC-delta) [Cleaved into: Protein kinase C delta type regulatory subunit; Protein kinase C delta type catalytic subunit (Sphingosine-dependent protein kinase-1) (SDK1)],PRKCD ,PKCD,CHEMBL2996,PRKCD,PKC
Q02156,Homo sapiens (Human),Protein kinase C epsilon type (EC 2.7.11.13) (nPKC-epsilon),PRKCE,PKCE,CHEMBL3582,PRKCE,PKC
P24723,Homo sapiens (Human),Protein kinase C eta type (EC 2.7.11.13) (PKC-L) (nPKC-eta),PRKCH,PKCL PRKCL,CHEMBL3616,PRKCH,PKC
P41743,Homo sapiens (Human),Protein kinase C iota type (EC 2.7.11.13) (Atypical protein kinase C-lambda/iota) (PRKC-lambda/iota) (aPKC-lambda/iota) (nPKC-iota),PRKCI ,DXS1179E,CHEMBL2598,PRKCI,PKC
Q04759,Homo sapiens (Human),Protein kinase C theta type (EC 2.7.11.13) (nPKC-theta),PRKCQ,PRKCT,CHEMBL3920,PRKCQ,PKC
Q15139,Homo sapiens (Human),Serine/threonine-protein kinase D1 (EC 2.7.11.13) (Protein kinase C mu type) (Protein kinase D) (nPKC-D1) (nPKC-mu),PRKD1,PKD PKD1 PRKCM,CHEMBL3863,PRKD1,PKD
Q9BZL6,Homo sapiens (Human),Serine/threonine-protein kinase D2 (EC 2.7.11.13) (nPKC-D2),PRKD2,PKD2 HSPC187,CHEMBL4900,PRKD2,PKD
O94806,Homo sapiens (Human),Serine/threonine-protein kinase D3 (EC 2.7.11.13) (Protein kinase C nu type) (Protein kinase EPK2) (nPKC-nu),PRKD3,EPK2 PRKCN,CHEMBL2595,PRKD3,PKD
Q13976,Homo sapiens (Human),cGMP-dependent protein kinase 1 (cGK 1) (cGK1) (EC 2.7.11.12) (cGMP-dependent protein kinase I) (cGKI),PRKG1,PRKG1B PRKGR1A PRKGR1B,CHEMBL4273,PRKG1,PKG
Q13237,Homo sapiens (Human),cGMP-dependent protein kinase 2 (cGK 2) (cGK2) (EC 2.7.11.12) (cGMP-dependent protein kinase II) (cGKII),PRKG2,PRKGR2,CHEMBL2896,PRKG2,PKG
P19525,Homo sapiens (Human),Interferon-induced double-stranded RNA-activated protein kinase (EC 2.7.11.1) (Eukaryotic translation initiation factor 2-alpha kinase 2) (eIF-2A protein kinase 2) (Interferon-inducible RNA-dependent protein kinase) (P1/eIF-2A protein kinase) (Protein kinase RNA-activated) (PKR) (Protein kinase R) (Tyrosine-protein kinase EIF2AK2) (EC 2.7.10.2) (p68 kinase),EIF2AK2,PKR PRKR,CHEMBL5785,PRKR,PEK
P51817,Homo sapiens (Human),cAMP-dependent protein kinase catalytic subunit PRKX (PrKX) (Protein kinase X) (Protein kinase X-linked) (Serine/threonine-protein kinase PRKX) (EC 2.7.11.1) (Protein kinase PKX1),PRKX,PKX1,CHEMBL5818,PRKX,PKA
Q14289,Homo sapiens (Human),Protein-tyrosine kinase 2-beta (EC 2.7.10.2) (Calcium-dependent tyrosine kinase) (CADTK) (Calcium-regulated non-receptor proline-rich tyrosine kinase) (Cell adhesion kinase beta) (CAK-beta) (CAKB) (Focal adhesion kinase 2) (FADK 2) (Proline-rich tyrosine kinase 2) (Related adhesion focal tyrosine kinase) (RAFTK),PTK2B,FAK2 PYK2 RAFTK,CHEMBL5469,PYK2,FAK
Q9Y2K2,Homo sapiens (Human),Serine/threonine-protein kinase SIK3 (EC 2.7.11.1) (Salt-inducible kinase 3) (SIK-3) (Serine/threonine-protein kinase QSK),SIK3,KIAA0999 QSK L19,CHEMBL6149,QSK,CAMKL
P04049,Homo sapiens (Human),RAF proto-oncogene serine/threonine-protein kinase (EC 2.7.11.1) (Proto-oncogene c-RAF) (cRaf) (Raf-1),RAF1,RAF,CHEMBL1906,RAF1,RAF
P07949,Homo sapiens (Human),Proto-oncogene tyrosine-protein kinase receptor Ret (EC 2.7.10.1) (Cadherin family member 12) (Proto-oncogene c-Ret) [Cleaved into: Soluble RET kinase fragment; Extracellular cell-membrane anchored RET cadherin 120 kDa fragment],RET  ,CDHF12 CDHR16 PTC,CHEMBL2041,RET,Ret
Q9BVS4,Homo sapiens (Human),Serine/threonine-protein kinase RIO2 (EC 2.7.11.1) (RIO kinase 2),RIOK2,RIO2,CHEMBL6000,RIOK2,RIO
Q13546,Homo sapiens (Human),Receptor-interacting serine/threonine-protein kinase 1 (EC 2.7.11.1) (Cell death protein RIP) (Receptor-interacting protein 1) (RIP-1),RIPK1,RIP RIP1,CHEMBL5464,RIPK1,RIPK
O43353,Homo sapiens (Human),Receptor-interacting serine/threonine-protein kinase 2 (EC 2.7.11.1) (CARD-containing interleukin-1 beta-converting enzyme-associated kinase) (CARD-containing IL-1 beta ICE-kinase) (RIP-like-interacting CLARP kinase) (Receptor-interacting protein 2) (RIP-2) (Tyrosine-protein kinase RIPK2) (EC 2.7.10.2),RIPK2,CARDIAK RICK RIP2,CHEMBL5014,RIPK2,RIPK
P57078,Homo sapiens (Human),Receptor-interacting serine/threonine-protein kinase 4 (EC 2.7.11.1) (Ankyrin repeat domain-containing protein 3) (PKC-delta-interacting protein kinase),RIPK4,ANKRD3 DIK,CHEMBL6083,RIPK4,RIPK
Q6XUX3,Homo sapiens (Human),Dual serine/threonine and tyrosine protein kinase (EC 2.7.12.1) (Dusty protein kinase) (Dusty PK) (RIP-homologous kinase) (Receptor-interacting serine/threonine-protein kinase 5) (Sugen kinase 496) (SgK496),DSTYK,KIAA0472 RIP5 RIPK5 SGK496 HDCMD38P,CHEMBL1908386,RIPK5,Dusty
Q13464,Homo sapiens (Human),Rho-associated protein kinase 1 (EC 2.7.11.1) (Renal carcinoma antigen NY-REN-35) (Rho-associated coiled-coil-containing protein kinase 1) (Rho-associated coiled-coil-containing protein kinase I) (ROCK-I) (p160 ROCK-1) (p160ROCK),ROCK1,,CHEMBL3231,ROCK1,DMPK
O75116,Homo sapiens (Human),Rho-associated protein kinase 2 (EC 2.7.11.1) (Rho kinase 2) (Rho-associated coiled-coil-containing protein kinase 2) (Rho-associated coiled-coil-containing protein kinase II) (ROCK-II) (p164 ROCK-2),ROCK2,KIAA0619,CHEMBL2973,ROCK2,DMPK
P08922,Homo sapiens (Human),Proto-oncogene tyrosine-protein kinase ROS (EC 2.7.10.1) (Proto-oncogene c-Ros) (Proto-oncogene c-Ros-1) (Receptor tyrosine kinase c-ros oncogene 1) (c-Ros receptor tyrosine kinase),ROS1,MCF3 ROS,CHEMBL5568,ROS1,Sev
P23443,Homo sapiens (Human),Ribosomal protein S6 kinase beta-1 (S6K-beta-1) (S6K1) (EC 2.7.11.1) (70 kDa ribosomal protein S6 kinase 1) (P70S6K1) (p70-S6K 1) (Ribosomal protein S6 kinase I) (Serine/threonine-protein kinase 14A) (p70 ribosomal S6 kinase alpha) (p70 S6 kinase alpha) (p70 S6K-alpha) (p70 S6KA),RPS6KB1,STK14A,CHEMBL4501,S6K1,RSK
O00141,Homo sapiens (Human),Serine/threonine-protein kinase Sgk1 (EC 2.7.11.1) (Serum/glucocorticoid-regulated kinase 1),SGK1,SGK,CHEMBL2343,SGK,SGK
P0C264,Homo sapiens (Human),Uncharacterized serine/threonine-protein kinase SBK3 (EC 2.7.11.1) (SH3 domain-binding kinase family member 3) (Sugen kinase 110),SBK3,SGK110,CHEMBL5116,SgK110,NKF1
Q9HBY8,Homo sapiens (Human),Serine/threonine-protein kinase Sgk2 (EC 2.7.11.1) (Serum/glucocorticoid-regulated kinase 2),SGK2,,CHEMBL5794,SGK2,SGK
Q96BR1,Homo sapiens (Human),Serine/threonine-protein kinase Sgk3 (EC 2.7.11.1) (Cytokine-independent survival kinase) (Serum/glucocorticoid-regulated kinase 3) (Serum/glucocorticoid-regulated kinase-like),SGK3,CISK SGKL,CHEMBL6186,SGK3,SGK
P57059,Homo sapiens (Human),Serine/threonine-protein kinase SIK1 (EC 2.7.11.1) (Salt-inducible kinase 1) (SIK-1) (Serine/threonine-protein kinase SNF1-like kinase 1) (Serine/threonine-protein kinase SNF1LK),SIK1,SIK SNF1LK,CHEMBL6082,SIK,CAMKL
Q9H0K1,Homo sapiens (Human),Serine/threonine-protein kinase SIK2 (EC 2.7.11.1) (Qin-induced kinase) (Salt-inducible kinase 2) (SIK-2) (Serine/threonine-protein kinase SNF1-like kinase 2),SIK2,KIAA0781 QIK SNF1LK2,CHEMBL5699,SIK2,CAMKL
Q9H2G2,Homo sapiens (Human),STE20-like serine/threonine-protein kinase (STE20-like kinase) (hSLK) (EC 2.7.11.1) (CTCL tumor antigen se20-9) (STE20-related serine/threonine-protein kinase) (STE20-related kinase) (Serine/threonine-protein kinase 2),SLK,KIAA0204 STK2,CHEMBL4202,SLK,STE20
Q9H093,Homo sapiens (Human),NUAK family SNF1-like kinase 2 (EC 2.7.11.1) (Omphalocele kinase 2) (SNF1/AMP kinase-related kinase) (SNARK),NUAK2,OMPHK2 SNARK,CHEMBL5698,SNARK,CAMKL
P12931,Homo sapiens (Human),Proto-oncogene tyrosine-protein kinase Src (EC 2.7.10.2) (Proto-oncogene c-Src) (pp60c-src) (p60-Src),SRC ,SRC1,CHEMBL267,SRC,Src
Q9H3Y6,Homo sapiens (Human),Tyrosine-protein kinase Srms (EC 2.7.10.2),SRMS,C20orf148,CHEMBL5703,SRMS,Src
Q96SB4,Homo sapiens (Human),SRSF protein kinase 1 (EC 2.7.11.1) (SFRS protein kinase 1) (Serine/arginine-rich protein-specific kinase 1) (SR-protein-specific kinase 1),SRPK1,,CHEMBL4375,SRPK1,SRPK
P78362,Homo sapiens (Human),SRSF protein kinase 2 (EC 2.7.11.1) (SFRS protein kinase 2) (Serine/arginine-rich protein-specific kinase 2) (SR-protein-specific kinase 2) [Cleaved into: SRSF protein kinase 2 N-terminal; SRSF protein kinase 2 C-terminal],SRPK2,,CHEMBL5668,SRPK2,SRPK
Q9UPE1,Homo sapiens (Human),SRSF protein kinase 3 (EC 2.7.11.1) (Muscle-specific serine kinase 1) (MSSK-1) (Serine/arginine-rich protein-specific kinase 3) (SR-protein-specific kinase 3) (Serine/threonine-protein kinase 23),SRPK3,MSSK1 STK23,CHEMBL5415,SRPK3,SRPK
O75716,Homo sapiens (Human),Serine/threonine-protein kinase 16 (EC 2.7.11.1) (Myristoylated and palmitoylated serine/threonine-protein kinase) (MPSK) (Protein kinase PKL12) (TGF-beta-stimulated factor 1) (TSF-1) (Tyrosine-protein kinase STK16) (EC 2.7.10.2) (hPSK),STK16,MPSK1 PKL12 TSF1,CHEMBL3938,STK16,NAK
Q9BYT3,Homo sapiens (Human),Serine/threonine-protein kinase 33 (EC 2.7.11.1),STK33,,CHEMBL6005,STK33,STK33
Q9UEW8,Homo sapiens (Human),STE20/SPS1-related proline-alanine-rich protein kinase (Ste-20-related kinase) (EC 2.7.11.1) (DCHT) (Serine/threonine-protein kinase 39),STK39,PASK SPAK,CHEMBL1163108,STK39,STE20
P43405,Homo sapiens (Human),Tyrosine-protein kinase SYK (EC 2.7.10.2) (Spleen tyrosine kinase) (p72-Syk),SYK,,CHEMBL2599,SYK,Syk
O43318,Homo sapiens (Human),Mitogen-activated protein kinase kinase kinase 7 (EC 2.7.11.25) (Transforming growth factor-beta-activated kinase 1) (TGF-beta-activated kinase 1),MAP3K7,TAK1,CHEMBL5776,TAK1,MLK
Q7L7X3,Homo sapiens (Human),Serine/threonine-protein kinase TAO1 (EC 2.7.11.1) (Kinase from chicken homolog B) (hKFC-B) (MARK Kinase) (MARKK) (Prostate-derived sterile 20-like kinase 2) (PSK-2) (PSK2) (Prostate-derived STE20-like kinase 2) (Thousand and one amino acid protein kinase 1) (TAOK1) (hTAOK1),TAOK1,KIAA1361 MAP3K16 MARKK,CHEMBL5261,TAOK1,STE20
Q9UL54,Homo sapiens (Human),Serine/threonine-protein kinase TAO2 (EC 2.7.11.1) (Kinase from chicken homolog C) (hKFC-C) (Prostate-derived sterile 20-like kinase 1) (PSK-1) (PSK1) (Prostate-derived STE20-like kinase 1) (Thousand and one amino acid protein kinase 2),TAOK2,KIAA0881 MAP3K17 PSK PSK1,CHEMBL1075195,TAOK2,STE20
Q9H2K8,Homo sapiens (Human),Serine/threonine-protein kinase TAO3 (EC 2.7.11.1) (Cutaneous T-cell lymphoma-associated antigen HD-CL-09) (CTCL-associated antigen HD-CL-09) (Dendritic cell-derived protein kinase) (JNK/SAPK-inhibitory kinase) (Jun kinase-inhibitory kinase) (Kinase from chicken homolog A) (hKFC-A) (Thousand and one amino acid protein 3),TAOK3,DPK JIK KDS MAP3K18,CHEMBL5701,TAOK3,STE20
Q9UHD2,Homo sapiens (Human),Serine/threonine-protein kinase TBK1 (EC 2.7.11.1) (NF-kappa-B-activating kinase) (T2K) (TANK-binding kinase 1),TBK1,NAK,CHEMBL5408,TBK1,IKK
P42680,Homo sapiens (Human),Tyrosine-protein kinase Tec (EC 2.7.10.2),TEC,PSCTK4,CHEMBL4246,TEC,Tec
Q15569,Homo sapiens (Human),Dual specificity testis-specific protein kinase 1 (EC 2.7.12.1) (Testicular protein kinase 1),TESK1,,CHEMBL5604,TESK1,LISK
P36897,Homo sapiens (Human),TGF-beta receptor type-1 (TGFR-1) (EC 2.7.11.30) (Activin A receptor type II-like protein kinase of 53kD) (Activin receptor-like kinase 5) (ALK-5) (ALK5) (Serine/threonine-protein kinase receptor R4) (SKR4) (TGF-beta type I receptor) (Transforming growth factor-beta receptor type I) (TGF-beta receptor type I) (TbetaR-I),TGFBR1,ALK5 SKR4,CHEMBL4439,TGFBR1,STKR
P37173,Homo sapiens (Human),TGF-beta receptor type-2 (TGFR-2) (EC 2.7.11.30) (TGF-beta type II receptor) (Transforming growth factor-beta receptor type II) (TGF-beta receptor type II) (TbetaR-II),TGFBR2,,CHEMBL4267,TGFBR2,STKR
Q02763,Homo sapiens (Human),Angiopoietin-1 receptor (EC 2.7.10.1) (Endothelial tyrosine kinase) (Tunica interna endothelial cell kinase) (Tyrosine kinase with Ig and EGF homology domains-2) (Tyrosine-protein kinase receptor TEK) (Tyrosine-protein kinase receptor TIE-2) (hTIE2) (p140 TEK) (CD antigen CD202b),TEK,TIE2 VMCM VMCM1,CHEMBL4128,TIE2,Tie
Q9UKI8,Homo sapiens (Human),Serine/threonine-protein kinase tousled-like 1 (EC 2.7.11.1) (PKU-beta) (Tousled-like kinase 1),TLK1,KIAA0137,CHEMBL5388,TLK1,TLK
Q86UE8,Homo sapiens (Human),Serine/threonine-protein kinase tousled-like 2 (EC 2.7.11.1) (HsHPK) (PKU-alpha) (Tousled-like kinase 2),TLK2,,CHEMBL5404,TLK2,TLK
Q9UKE5,Homo sapiens (Human),TRAF2 and NCK-interacting protein kinase (EC 2.7.11.1),TNIK,KIAA0551,CHEMBL4527,TNIK,STE20
Q13470,Homo sapiens (Human),Non-receptor tyrosine-protein kinase TNK1 (EC 2.7.10.2) (CD38 negative kinase 1),TNK1,,CHEMBL5334,TNK1,Ack
Q07912,Homo sapiens (Human),Activated CDC42 kinase 1 (ACK-1) (EC 2.7.10.2) (EC 2.7.11.1) (Tyrosine kinase non-receptor protein 2),TNK2,ACK1,CHEMBL4599,TNK2,Ack
Q59H18,Homo sapiens (Human),Serine/threonine-protein kinase TNNI3K (EC 2.7.11.1) (Cardiac ankyrin repeat kinase) (Cardiac troponin I-interacting kinase) (TNNI3-interacting kinase),TNNI3K,CARK,CHEMBL5260,TNNI3K,MLK
P04629,Homo sapiens (Human),High affinity nerve growth factor receptor (EC 2.7.10.1) (Neurotrophic tyrosine kinase receptor type 1) (TRK1-transforming tyrosine kinase protein) (Tropomyosin-related kinase A) (Tyrosine kinase receptor) (Tyrosine kinase receptor A) (Trk-A) (gp140trk) (p140-TrkA),NTRK1,MTC TRK TRKA,CHEMBL2815,TRKA,Trk
Q16620,Homo sapiens (Human),BDNF/NT-3 growth factors receptor (EC 2.7.10.1) (GP145-TrkB) (Trk-B) (Neurotrophic tyrosine kinase receptor type 2) (TrkB tyrosine kinase) (Tropomyosin-related kinase B),NTRK2,TRKB,CHEMBL4898,TRKB,Trk
Q16288,Homo sapiens (Human),NT-3 growth factor receptor (EC 2.7.10.1) (GP145-TrkC) (Trk-C) (Neurotrophic tyrosine kinase receptor type 3) (TrkC tyrosine kinase),NTRK3,TRKC,CHEMBL5608,TRKC,Trk
Q9BXA7,Homo sapiens (Human),Testis-specific serine/threonine-protein kinase 1 (TSK-1) (TSK1) (TSSK-1) (Testis-specific kinase 1) (EC 2.7.11.1) (Serine/threonine-protein kinase 22A),TSSK1B,SPOGA1 SPOGA4 STK22A STK22D TSSK1,CHEMBL6003,TSSK1B,TSSK
Q96PN8,Homo sapiens (Human),Testis-specific serine/threonine-protein kinase 3 (TSK-3) (TSSK-3) (Testis-specific kinase 3) (EC 2.7.11.1) (Serine/threonine-protein kinase 22C),TSSK3,SPOGA3 STK22C,CHEMBL3414416,TSSK3,TSSK
P33981,Homo sapiens (Human),Dual specificity protein kinase TTK (EC 2.7.12.1) (Phosphotyrosine picked threonine-protein kinase) (PYT),TTK,MPS1 MPS1L1,CHEMBL3983,TTK,TTK
P42681,Homo sapiens (Human),Tyrosine-protein kinase TXK (EC 2.7.10.2) (Protein-tyrosine kinase 4) (Resting lymphocyte kinase),TXK,PTK4 RLK,CHEMBL4367,TXK,Tec
Q06418,Homo sapiens (Human),Tyrosine-protein kinase receptor TYRO3 (EC 2.7.10.1) (Tyrosine-protein kinase BYK) (Tyrosine-protein kinase DTK) (Tyrosine-protein kinase RSE) (Tyrosine-protein kinase SKY) (Tyrosine-protein kinase TIF),TYRO3,BYK DTK RSE SKY TIF,CHEMBL5314,TYRO3,Axl
O75385,Homo sapiens (Human),Serine/threonine-protein kinase ULK1 (EC 2.7.11.1) (Autophagy-related protein 1 homolog) (ATG1) (hATG1) (Unc-51-like kinase 1),ULK1,KIAA0722,CHEMBL6006,ULK1,ULK
Q8IYT8,Homo sapiens (Human),Serine/threonine-protein kinase ULK2 (EC 2.7.11.1) (Unc-51-like kinase 2),ULK2,KIAA0623,CHEMBL5435,ULK2,ULK
Q6PHR2,Homo sapiens (Human),Serine/threonine-protein kinase ULK3 (EC 2.7.11.1) (Unc-51-like kinase 3),ULK3,,CHEMBL5047,ULK3,ULK
P35968,Homo sapiens (Human),Vascular endothelial growth factor receptor 2 (VEGFR-2) (EC 2.7.10.1) (Fetal liver kinase 1) (FLK-1) (Kinase insert domain receptor) (KDR) (Protein-tyrosine kinase receptor flk-1) (CD antigen CD309),KDR,FLK1 VEGFR2,CHEMBL279,VEGFR2,VEGFR
Q86Y07,Homo sapiens (Human),Serine/threonine-protein kinase VRK2 (EC 2.7.11.1) (Vaccinia-related kinase 2),VRK2,,CHEMBL1649059,VRK2,VRK
P30291,Homo sapiens (Human),Wee1-like protein kinase (WEE1hu) (EC 2.7.10.2) (Wee1A kinase),WEE1,,CHEMBL5491,WEE1,WEE
P0C1S8,Homo sapiens (Human),Wee1-like protein kinase 2 (EC 2.7.10.2) (Wee1-like protein kinase 1B) (Wee1B kinase),WEE2,WEE1B,CHEMBL5095,WEE2,WEE
Q9H4A3,Homo sapiens (Human),Serine/threonine-protein kinase WNK1 (EC 2.7.11.1) (Erythrocyte 65 kDa protein) (p65) (Kinase deficient protein) (Protein kinase lysine-deficient 1) (Protein kinase with no lysine 1) (hWNK1),WNK1,HSN2 KDP KIAA0344 PRKWNK1,CHEMBL1075173,WNK1,WNK
Q9Y3S1,Homo sapiens (Human),Serine/threonine-protein kinase WNK2 (EC 2.7.11.1) (Antigen NY-CO-43) (Protein kinase lysine-deficient 2) (Protein kinase with no lysine 2) (Serologically defined colon cancer antigen 43),WNK2,KIAA1760 PRKWNK2 SDCCAG43 P/OKcl.13,CHEMBL5639,WNK2,WNK
Q9BYP7,Homo sapiens (Human),Serine/threonine-protein kinase WNK3 (EC 2.7.11.1) (Protein kinase lysine-deficient 3) (Protein kinase with no lysine 3),WNK3,KIAA1566 PRKWNK3,CHEMBL6055,WNK3,WNK
Q8WU08,Homo sapiens (Human),Serine/threonine-protein kinase 32A (EC 2.7.11.1) (Yet another novel kinase 1),STK32A,YANK1,CHEMBL6150,YANK1,YANK
Q9NY57,Homo sapiens (Human),Serine/threonine-protein kinase 32B,YANK2,STK32 STKG6,CHEMBL5912,YANK2,YANK
Q86UX6,Homo sapiens (Human),Serine/threonine-protein kinase 32C (EC 2.7.11.1) (PKE) (Yet another novel kinase 3),STK32C,YANK3,CHEMBL5405,YANK3,YANK
P07947,Homo sapiens (Human),Tyrosine-protein kinase Yes (EC 2.7.10.2) (Proto-oncogene c-Yes) (p61-Yes),YES1,YES,CHEMBL2073,YES,Src
O00506,Homo sapiens (Human),Serine/threonine-protein kinase 25 (EC 2.7.11.1) (Ste20-like kinase) (Sterile 20/oxidant stress-response kinase 1) (SOK-1) (Ste20/oxidant stress response kinase 1),STK25,SOK1 YSK1,CHEMBL5552,YSK1,STE20
Q56UN5,Homo sapiens (Human),Mitogen-activated protein kinase kinase kinase 19 (EC 2.7.11.1) (Regulated in COPD protein kinase) (SPS1/STE20-related protein kinase YSK4),MAP3K19,RCK YSK4,CHEMBL6191,YSK4,STE11
Q9NYL2,Homo sapiens (Human),Mitogen-activated protein kinase kinase kinase 20 (EC 2.7.11.25) (Human cervical cancer suppressor gene 4 protein) (HCCS-4) (Leucine zipper- and sterile alpha motif-containing kinase) (MLK-like mitogen-activated protein triple kinase) (Mitogen-activated protein kinase kinase kinase MLT) (Mixed lineage kinase 7) (Mixed lineage kinase-related kinase) (MLK-related kinase) (MRK) (Sterile alpha motif- and leucine zipper-containing kinase AZK),MAP3K20,MLK7 MLTK ZAK HCCS4,CHEMBL3886,ZAK,MLK
P43403,Homo sapiens (Human),Tyrosine-protein kinase ZAP-70 (EC 2.7.10.2) (70 kDa zeta-chain associated protein) (Syk-related tyrosine kinase),ZAP70,SRK,CHEMBL2803,ZAP70,Syk
